ID,Original,Simplified,Language,Domain,LMP,Predicted_LMP,Preservation_Decision
en_tos_001,"As a result, these Terms of Service help define Google’s relationship with you as you interact with our services.","Because of this, these Terms of Service help define Google’s relationship with you when you interact with our services.",en,tos_privacy,10.0,8.91,Preserved
en_tos_002,"Our services are designed to work together, making it easier for you to move from one activity to the next.",Our services are designed to work together so you can easily move from one activity to the next.,en,tos_privacy,9.0,9.05,Preserved
en_tos_003,"We also make various policies, help centers, and other resources available to you to answer common questions and to set expectations about using our services.","We also provide various policies, help centers, and other resources to answer common questions and explain what to expect when using our services.",en,tos_privacy,9.0,8.92,Preserved
en_tos_004,"comply with applicable laws, including export control, sanctions, money laundering, and human trafficking laws","Comply with applicable laws, including export control, sanctions, money laundering, and human trafficking laws.",en,tos_privacy,10.0,8.96,Preserved
en_tos_005,"using our services (including the content they provide) to violate anyone’s legal rights, such as intellectual property or privacy rights","Do not use our services (including the content they provide) to violate anyone’s legal rights, such as intellectual property or privacy rights.",en,tos_privacy,10.0,8.99,Preserved
en_tos_006,We need your permission if your intellectual property rights restrict our use of your content.,We need your permission if your intellectual property rights restrict our use of your content.,en,tos_privacy,10.0,9.02,Preserved
en_tos_007,This license lasts for as long as your content is protected by intellectual property rights.,This license lasts as long as your content is protected by intellectual property rights.,en,tos_privacy,10.0,8.98,Preserved
en_tos_008,Google services may frequently use the Internet when you're not actively engaged with the services or your device.,Google services may use the Internet frequently when you are not actively using them or your device.,en,tos_privacy,9.0,8.88,Preserved
en_tos_009,Some of our services include software that’s offered under open source license terms that we make available to you.,Some of our services include software offered under open source licenses that we provide to you.,en,tos_privacy,9.0,8.9,Preserved
en_tos_010,"The information Google collects, and how that information is used, depends on how you use our services and how you manage your privacy controls.",The information Google collects and how it is used depends on your use of our services and your privacy settings.,en,tos_privacy,9.0,8.87,Preserved
en_tos_011,"We also collect the content you create, upload, or receive from others when using our services.","We collect the content you create, upload, or receive when using our services.",en,tos_privacy,9.0,9.0,Preserved
en_tos_012,"We collect information about your activity in our services, which we use to do things like recommend a YouTube video you might like.",We collect information about your activity in our services to recommend videos you might like.,en,tos_privacy,8.0,8.66,Preserved
en_tos_013,We will not reduce your rights under this Privacy Policy without your explicit consent.,We will not limit your rights under this Privacy Policy without your clear agreement.,en,tos_privacy,9.0,8.91,Preserved
en_tos_014,"If changes are significant, we’ll provide a more prominent notice (including, for certain services, email notification of Privacy Policy changes).","If changes are significant, we'll give a more noticeable notice (and for some services, email you about Privacy Policy changes).",en,tos_privacy,9.0,8.7,Preserved
en_tos_015,This Privacy Policy doesn’t apply to services that have separate privacy policies that do not incorporate this Privacy Policy.,This Privacy Policy doesn't apply to services with separate privacy policies.,en,tos_privacy,7.0,8.6,Preserved
en_tos_016,"Regardless of where your information is processed, we apply the same protections described in this policy.","Regardless of processing location, we apply the same protections as described in this policy.",en,tos_privacy,9.0,8.96,Preserved
en_tos_017,"Because of this, there may be delays between when you delete something and when copies are deleted from our active and backup systems.",There may be delays between deleting something and when copies are deleted from our active and backup systems.,en,tos_privacy,9.0,8.88,Preserved
en_tos_018,We try to ensure that our services protect information from accidental or malicious deletion.,We aim to protect information from accidental or intentional deletion.,en,tos_privacy,8.0,8.92,Preserved
en_tos_019,"When you delete data, we follow a deletion process to make sure that your data is safely and completely removed from our servers or retained only in anonymised form.","When you delete data, we ensure it is safely and completely removed from our servers or kept only in anonymized form.",en,tos_privacy,9.0,8.84,Preserved
en_tos_020,"We keep some data until you delete your Google Account, such as information about how often you use our services.","We keep some data until you delete your Google Account, such as usage information.",en,tos_privacy,8.0,8.98,Preserved
en_tos_021,"We restrict access to personal information to Google employees, contractors and agents who need that information in order to process it.","We limit access to personal information only to Google employees, contractors, and agents who need it to process it.",en,tos_privacy,9.0,8.85,Preserved
en_tos_022,All Google products are built with strong security features that continuously protect your information.,All Google products have strong security features that continuously protect your information.,en,tos_privacy,10.0,9.03,Preserved
en_tos_023,"Receive your account information in order to satisfy applicable law, regulation, legal process or enforceable governmental request","Receive your account information to comply with laws, regulations, legal processes, or government requests.",en,tos_privacy,9.0,8.73,Preserved
en_tos_024,You can export a copy of content in your Google Account if you want to back it up or use it with a service outside of Google.,You can export a copy of your Google Account content to back it up or use with a service outside of Google.,en,tos_privacy,9.0,8.95,Preserved
en_tos_025,"Since we started WhatsApp, we've built our Services with strong privacy and security principles in mind.","Since starting WhatsApp, we have built our Services with strong privacy and security principles.",en,tos_privacy,10.0,9.05,Preserved
en_tos_026,"WhatsApp uses the information it has and also works with partners, service providers, and affiliated companies to do this.","WhatsApp uses its information and works with partners, service providers, and affiliated companies to do this.",en,tos_privacy,10.0,8.98,Preserved
en_tos_027,We may provide a convenient platform that enables you to send and receive money to or from other users across our platform.,We may allow you to send and receive money with other users through our platform.,en,tos_privacy,8.0,8.91,Preserved
en_tos_028,"We work to protect the safety, security, and integrity of our Services.","We aim to ensure the safety, security, and integrity of our Services.",en,tos_privacy,10.0,9.08,Preserved
en_tos_029,This includes appropriately dealing with abusive people and activity violating our Terms.,This includes handling abusive people and activity that violates our Terms.,en,tos_privacy,9.0,9.0,Preserved
en_tos_030,There are important differences between our Services and your mobile phone and a fixed-line telephone and SMS services.,"There are important differences between our Services and mobile phones, fixed-line phones, and SMS services.",en,tos_privacy,10.0,8.87,Preserved
en_tos_031,You must be at least 13 years old to register for and use our Services on your own (or such greater age required in your country or territory).,You must be at least 13 years old to register for and use our Services on your own (or a greater age required in your country).,en,tos_privacy,10.0,8.85,Preserved
en_tos_032,"If you are creating a parent-managed account, please read these Terms with your child and ensure that you both understand them.","If you are setting up a parent-managed account, please read these Terms with your child and make sure you both understand them.",en,tos_privacy,10.0,9.0,Preserved
en_tos_033,"ou must provide certain devices, software, and data connections to use our Services, which we otherwise do not supply.","You must provide necessary devices, software, and data connections to use our Services, which we do not supply.",en,tos_privacy,10.0,8.97,Preserved
en_tos_034,"In order to use our Services, you consent to manually or automatically download and install updates to our Services.",You agree to manually or automatically download and install updates to our Services.,en,tos_privacy,8.0,8.97,Preserved
en_tos_035,"You also consent to our sending you notifications via our Services from time to time, as necessary to provide our Services to you.",You agree to receive notifications from us via our Services from time to time for the provision of our Services.,en,tos_privacy,8.0,8.6,Preserved
en_tos_036,"ou are responsible for all carrier data plans, Internet fees, and other fees and taxes associated with your use of our Services.","You are responsible for all carrier data plans, internet fees, and related taxes.",en,tos_privacy,7.0,8.81,Preserved
en_tos_037,"If our Terms are not available in the language you select, we will default to the English version.","If your selected language is not available, we will use the English version.",en,tos_privacy,7.0,8.88,Preserved
en_tos_038,"To access our Terms in certain other languages, change the language setting for your WhatsApp session.","To access our Terms in another language, change your WhatsApp language setting.",en,tos_privacy,8.0,8.99,Preserved
en_tos_039,"If you do so, neither we nor you can require the other to participate in an arbitration proceeding.","If you do so, neither party can require the other to go to arbitration.",en,tos_privacy,8.0,8.84,Preserved
en_tos_040,The location of the arbitration and the allocation of fees and costs for such arbitration shall be determined in accordance with the AAA Rules.,The arbitration location and fees will be decided according to the AAA Rules.,en,tos_privacy,7.0,8.68,Preserved
en_tos_041,Issues relating to the scope and enforceability of the arbitration provision are for a court to decide.,Issues about the scope and enforceability of the arbitration provision are for a court to decide.,en,tos_privacy,10.0,8.97,Preserved
en_tos_042,The arbitration will be presided over by a single arbitrator selected in accordance with the AAA Rules.,The arbitration will be led by a single arbitrator chosen according to the AAA Rules.,en,tos_privacy,9.0,8.78,Preserved
en_tos_043,"If we are unable to resolve a dispute within sixty (60) days after the Notice of Dispute is received, you or we may commence arbitration.","If we cannot resolve a dispute within 60 days after receiving the Notice of Dispute, you or we can start arbitration.",en,tos_privacy,9.0,8.55,Preserved
en_tos_044,THIS MEANS YOU WAIVE YOUR RIGHT TO HAVE SUCH DISPUTES RESOLVED IN COURT BY A JUDGE OR JURY.,YOU GIVE UP THE RIGHT TO HAVE DISPUTES RESOLVED IN COURT BY A JUDGE OR JURY.,en,tos_privacy,9.0,8.12,Preserved
en_tos_045,"Except as contemplated herein, our Terms do not give any third-party beneficiary rights.","Except as stated here, our Terms do not give any third parties rights.",en,tos_privacy,9.0,8.95,Preserved
en_tos_046,You will not transfer any of your rights or obligations under our Terms to anyone else without our prior written consent.,You must get our written permission before transferring any of your rights or obligations under our Terms to someone else.,en,tos_privacy,7.0,8.84,Preserved
en_tos_047,"In the event of such an assignment, these Terms will continue to govern your relationship with such third-party.","In the event of assignment, these Terms will continue to govern your relationship with the third party.",en,tos_privacy,10.0,9.04,Preserved
en_tos_048,"We will provide you notice of material amendments to our Terms, as appropriate, and update the ""Effective Date"" at the top of our Terms.","We will notify you of significant changes to our Terms and update the ""Effective Date"" at the top.",en,tos_privacy,8.0,8.6,Preserved
en_tos_049,The Paytm Services are not available to persons under the age of 18 or to anyone previously suspended or removed by Paytm from availing the Paytm Services or accessing the Paytm Platform.,The Paytm Services are not available to persons under 18 or those previously suspended or removed by Paytm.,en,tos_privacy,7.0,8.28,Preserved
en_tos_050,"In addition, You represent and warrant that You have the right, authority and capacity to enter into this Agreement and to abide by all the T&Cs as part of this Agreement.","You represent and warrant that you have the right, authority, and capacity to enter into this Agreement and to follow all the terms and conditions.",en,tos_privacy,9.0,8.57,Preserved
en_tos_051,"Finally, You shall not impersonate any person or entity, or falsely state or otherwise misrepresent Your identity, age or affiliation with any person or entity.","You must not pretend to be anyone else or falsely claim your identity, age, or connection to any person or entity.",en,tos_privacy,7.0,8.21,Preserved
en_tos_052,"Finally, in the event of any violation of the T&Cs, Paytm reserves the right to suspend or permanently prevent You from availing Paytm Services or using the Paytm Platform.","Finally, if you violate the T&Cs, Paytm can suspend or permanently prevent you from using Paytm Services or the Paytm Platform.",en,tos_privacy,9.0,8.65,Preserved
en_tos_053,The Paytm Services shall be used by You subject to Your adherence with the T&Cs.,The Paytm Services must be used by you in accordance with the T&Cs.,en,tos_privacy,9.0,8.8,Preserved
en_tos_054,"Paytm may make changes to any Paytm Services offered on the Paytm Platform, or to the applicable terms for any such Paytm Services, at any time, without notice.",Paytm may change its services or terms at any time without notice.,en,tos_privacy,6.0,8.29,Preserved
en_tos_055,"After successfully registering for the SSOID Service, the user can log-in via each Participating Platform with his SSOID access credentials.","After successfully registering for the SSOID Service, the user can log in via each Participating Platform using his SSOID access credentials.",en,tos_privacy,10.0,8.88,Preserved
en_tos_056,"The Participating Platforms that offer the SSOID as a login feature, are visible on registration and in the user account.",Participating Platforms that offer SSOID for login are listed during registration and in user accounts.,en,tos_privacy,9.0,8.55,Preserved
en_tos_057,These business or user terms and conditions are available on the respective Participating Platforms.,These terms and conditions are available on the respective Participating Platforms.,en,tos_privacy,9.0,8.9,Preserved
en_tos_058,"For the respective contents of the Participating Platforms, the respective affiliate of Paytm is solely responsible only for those content that it actually operates.","For the content of the Participating Platforms, the relevant Paytm affiliate is responsible only for the content it operates.",en,tos_privacy,9.0,8.73,Preserved
en_tos_059,"For the SSOID service, these T&Cs apply exclusively, whereas for the use of the Participating Platforms, their business and user terms and conditions apply along with these T&Cs.","For SSOID service, these terms apply. For Participating Platforms, their terms and conditions apply along with these.",en,tos_privacy,7.0,8.2,Preserved
en_tos_060,The SSOID shall be owned and operated by One97 for use on all Participating Platforms.,The SSOID will be managed by One97 for use on all Participating Platforms.,en,tos_privacy,9.0,8.85,Preserved
en_tos_061,The user is not entitled to share his login details with third parties to use the SSOID service or to disclose them otherwise.,The user may not share login details with third parties for use of the SSOID service or disclose them in any other way.,en,tos_privacy,9.0,8.55,Preserved
en_tos_062,"Furthermore, the user is obliged not to use the user account of another person.",The user must not use another person's account.,en,tos_privacy,7.0,8.64,Preserved
en_tos_063,"By the user clicking on this confirmation link, the user accepts Paytm's offer, so that in this way the SSOID Agreement enters into force.","By clicking this confirmation link, the user accepts Paytm's offer, and the SSOID Agreement becomes effective.",en,tos_privacy,8.0,8.54,Preserved
en_tos_064,Any changes to user's data should be promptly updated correctly in its account.,Any changes to user data should be promptly and correctly updated in the account.,en,tos_privacy,9.0,8.95,Preserved
en_tos_065,"In case of any failure to have the updation request duly raised with Paytm, Paytm shall not be liable for any misuse of Your account.","If you fail to raise the update request properly, Paytm will not be responsible for any misuse of your account.",en,tos_privacy,8.0,8.29,Preserved
en_tos_066,OCL may assign or transfer its rights and obligations under these Terms to any affiliate or successor entity without notice to the User.,OCL may transfer its rights and obligations under these Terms to any affiliate or successor entity without notice to the User.,en,tos_privacy,10.0,8.91,Preserved
en_tos_067,The User may not assign or transfer any rights or obligations under these Terms without OCL’s prior written consent.,The User may not assign or transfer any rights or obligations under these Terms without OCL’s prior written approval.,en,tos_privacy,10.0,8.88,Preserved
en_tos_068,"The seat and venue of arbitration shall be New Delhi, India. The language of arbitration shall be English.","The arbitration will take place in New Delhi, India, and the language will be English.",en,tos_privacy,8.0,8.73,Preserved
en_tos_069,"Pending resolution of any dispute, the User shall continue to be bound by these Terms.","While a dispute is unresolved, the User must still follow these Terms.",en,tos_privacy,6.0,8.55,Preserved
en_tos_070,"In the absence of agreement, the arbitrator shall be appointed in accordance with the Arbitration and Conciliation Act, 1996, as amended till date.","In the absence of agreement, the arbitrator shall be appointed in accordance with the Arbitration and Conciliation Act, 1996, as amended.",en,tos_privacy,10.0,8.97,Preserved
en_tos_071,The arbitration shall be conducted by a sole arbitrator to be appointed by mutual agreement of the parties.,The arbitration will be conducted by a single arbitrator agreed upon by both parties.,en,tos_privacy,8.0,8.63,Preserved
en_tos_072,OCL shall not be responsible for any tax implications arising to a User as a result of participation in the Program.,OCL is not responsible for any tax implications for a User due to participation in the Program.,en,tos_privacy,9.0,8.8,Preserved
en_tos_073,"any indirect, consequential, incidental, or special loss arising from participation in or reliance on the Program.","any indirect, consequential, incidental, or special loss arising from participation in or reliance on the Program.",en,tos_privacy,10.0,9.09,Preserved
en_tos_074,the expiry of any Scratch Card or Gold Coins due to a User’s failure to claim or redeem within the applicable validity period;,Expiry of any Scratch Card or Gold Coins due to a User failing to claim or redeem within the valid period.,en,tos_privacy,9.0,8.85,Preserved
en_tos_075,"any failure to issue a Scratch Card or Gold Coins due to technical errors, network failures, or circumstances beyond OCL’s reasonable control;","Any failure to issue Scratch Cards or Gold Coins due to technical errors, network issues, or circumstances beyond OCL's control.",en,tos_privacy,10.0,8.95,Preserved
en_tos_076,Continued participation in the Program after the effective date of any modification shall constitute the User’s acceptance of the modified Terms.,Continued participation in the Program after any modification becomes effective means the User accepts the new Terms.,en,tos_privacy,8.0,8.88,Preserved
en_tos_077,The notice period applicable to any such modification or discontinuation shall be as communicated by OCL at the relevant time.,The notice period for any modification or discontinuation will be as OCL communicates at the time.,en,tos_privacy,9.0,8.84,Preserved
en_tos_078,There shall be no upper cap or limit on the daily or monthly limits for Users to gain or earn Gold Coins.,There is no limit on the daily or monthly number of Gold Coins Users can gain or earn.,en,tos_privacy,8.0,8.66,Preserved
en_tos_079,"OCL may, at its sole discretion and without obligation, notify Users of upcoming expiry of Gold Coins through the App or by other means.","OCL may, at its discretion, notify Users of upcoming Gold Coin expiry through the App or other means.",en,tos_privacy,9.0,8.84,Preserved
en_tos_080,Your contractual partner and consumer point of contact under these Terms of Use is Netflix Entertainment Services India LLP.,Your contract contact for these Terms of Use is Netflix Entertainment Services India LLP.,en,tos_privacy,9.0,8.66,Preserved
en_tos_081,These Terms of Use govern your use of the Netflix service.,These Terms govern your use of Netflix.,en,tos_privacy,8.0,8.91,Preserved
en_tos_082,"As used in these Terms of Use, ""Netflix service"" or ""the service"" means the service provided by Netflix for discovering and accessing Netflix content.",Netflix service or the service means the Netflix service for discovering and accessing Netflix content.,en,tos_privacy,8.0,8.41,Preserved
en_tos_083,"This includes all personalization, features and functionalities, recommendations and reviews, related websites, applications and user interfaces, as well as all content and software associated with the service.","This includes all personalization, features, functionalities, recommendations, reviews, related websites, apps, user interfaces, and associated content and software.",en,tos_privacy,8.0,8.89,Preserved
en_tos_084,"You must be at least 18 years of age to create a Netflix account or, where available, to become an Extra Member. Minors may only use the service under the supervision of an adult.","You must be at least 18 years old to create a Netflix account or, where available, to become an Extra Member. Minors can only use the service with an adult's supervision.",en,tos_privacy,9.0,8.8,Preserved
en_tos_085,"We may from time to time provide special promotional offers (such as sweepstakes, discounts and other incentives), plans or subscriptions (“Offers”).","We may from time to time provide special promotional offers, such as sweepstakes, discounts, and other incentives, plans, or subscriptions.",en,tos_privacy,10.0,8.9,Preserved
en_tos_086,Offer eligibility is determined by Netflix at its sole discretion and we reserve the right to revoke an Offer and put your account on hold in the event that we determine you are not eligible.,Netflix determines offer eligibility at its sole discretion and reserves the right to revoke an offer and put your account on hold if you are found ineligible.,en,tos_privacy,8.0,8.63,Preserved
en_tos_087,Members of households with an existing or recent Netflix account may not be eligible for certain introductory Offers.,Members with an existing or recent Netflix account may not be eligible for some introductory offers.,en,tos_privacy,10.0,8.85,Preserved
en_tos_088,"We may use information such as device ID, method of payment or your contact information to determine Offer eligibility.","We may use device ID, payment method, or contact info to determine Offer eligibility.",en,tos_privacy,9.0,9.04,Preserved
en_tos_089,The eligibility requirements and other limitations and conditions will be disclosed when you sign-up for the Offer or in other communications made available to you.,The eligibility requirements and other limitations will be disclosed when you sign up for the Offer or in other communications provided to you.,en,tos_privacy,10.0,8.94,Preserved
en_tos_090,You may access the Netflix content primarily within the country in which you have established your account and only in geographic locations where we offer our service and have licensed such content.,You may access Netflix content mainly in the country where you set up your account and in locations where we offer our service and have licensed the content.,en,tos_privacy,8.0,8.77,Preserved
en_tos_091,"For the purpose of determining the taxes that will be charged over your subscription fee, we will use the IP address that is used when you sign up to the Netflix service.","For tax purposes, we will use the IP address you provide when signing up for Netflix to determine your subscription fee tax.",en,tos_privacy,6.0,8.58,Preserved
en_tos_092,"The content that may be available will vary by geographic location, may be limited by law or by the rights granted by third-party content providers, and will change from time to time.","The content available may vary by location, is limited by law or third-party rights, and may change over time.",en,tos_privacy,7.0,8.5,Preserved
en_tos_093,"The number of devices on which you may simultaneously watch depends on your chosen subscription plan and is specified on the ""Account"" page.","The number of devices you can watch on at the same time depends on your subscription plan and is shown on the ""Account"" page.",en,tos_privacy,8.0,8.62,Preserved
en_tos_094,"The Netflix service, including the Netflix content, is regularly updated. As a result, we do not guarantee that particular content will be available on the Netflix service at any given time.","Netflix service and content are updated regularly. Therefore, we cannot guarantee that specific content will be available at any time.",en,tos_privacy,8.0,8.62,Preserved
en_tos_095,"While we strive to provide a consistent and high-quality experience, some content or features may be temporarily unavailable due to demand, technical constraints, or system maintenance.","While we aim to provide a consistent and high-quality experience, some content or features may temporarily be unavailable due to demand, technical limitations, or system maintenance.",en,tos_privacy,10.0,8.83,Preserved
en_tos_096,"In addition, various aspects of the service are continually tested, including the websites, user interfaces and promotional features.","The service, including websites, user interfaces, and promotional features, is regularly tested.",en,tos_privacy,7.0,8.7,Preserved
en_tos_097,"You can turn off test participation at any time by visiting the ""Account"" page and changing the ""Test participation"" settings.","You can turn off test participation at any time by going to the ""Account"" page and changing the ""Test participation"" settings.",en,tos_privacy,10.0,9.0,Preserved
en_tos_098,"Depending on the subscription plan, some Netflix content may be available for temporary download and offline viewing on certain supported devices (“Offline Titles”).","Depending on your subscription plan, some Netflix content may be available for temporary download and offline viewing on supported devices (""Offline Titles"").",en,tos_privacy,10.0,8.85,Preserved
en_tos_099,"Subject to these Terms and only to the extent you are expressly authorised, we grant you a limited, non-exclusive, non-transferable right to access the Netflix service.","Subject to these Terms, we grant you a limited, non-exclusive, non-transferable right to access the Netflix service only as expressly authorized.",en,tos_privacy,8.0,8.84,Preserved
en_tos_100,"decompile, reverse engineer or disassemble any software or other products or processes accessible through the Netflix service;","Do not decompile, reverse engineer, or disassemble any software or processes available through the Netflix service.",en,tos_privacy,9.0,8.93,Preserved
en_tos_101,We may terminate or restrict your use of the service if you violate these Terms of Use or are engaged in illegal or fraudulent use of the service.,We may stop or limit your use of the service if you break these rules or use it illegally or fraudulently.,en,tos_privacy,8.0,8.79,Preserved
en_tos_102,"HD, Ultra HD and HDR availability is subject to your Internet service and device capabilities.","HD, Ultra HD, and HDR availability depend on your internet service and device capabilities.",en,tos_privacy,10.0,8.91,Preserved
en_tos_103,"Not all content is available in spatial audio or in all formats, such as HD, Ultra HD or HDR and not all subscription plans allow you to receive content in all formats.","Not all content is available in spatial audio or all formats, such as HD, Ultra HD, or HDR. Not all subscription plans allow you to receive content in all formats.",en,tos_privacy,10.0,8.76,Preserved
en_tos_104,A connection speed of at least 5.0 Mbps per stream is recommended to receive Full HD video quality (defined as a resolution of 1080p or higher).,A connection speed of at least 5.0 Mbps per stream is recommended for Full HD video quality (1080p or higher).,en,tos_privacy,9.0,8.98,Preserved
en_tos_105,A connection speed of at least 15.0 Mbps per stream is recommended to receive Ultra HD video quality (defined as a resolution of 4K or higher).,A connection speed of at least 15.0 Mbps per stream is recommended for Ultra HD video (4K or higher resolution).,en,tos_privacy,9.0,8.95,Preserved
en_tos_106,You are responsible for all Internet access charges. Please check with your Internet provider for information on possible Internet data usage charges.,You are responsible for all Internet access charges. Check with your Internet provider for possible data usage charges.,en,tos_privacy,9.0,8.95,Preserved
en_tos_107,"The Netflix software is developed by, or for, Netflix and may solely be used for authorized access to Netflix content through Netflix supported devices.",The Netflix software is developed by Netflix and may only be used for authorized access to Netflix content through supported devices.,en,tos_privacy,10.0,8.84,Preserved
en_tos_108,You acknowledge that the use of the service may require third party software that is subject to third party licenses.,You acknowledge that using the service may require third-party software subject to third-party licenses.,en,tos_privacy,9.0,8.99,Preserved
en_tos_109,You agree that you may automatically receive updated versions of the Netflix software and related third-party software.,You agree to automatically receive updated versions of the Netflix software and related third-party software.,en,tos_privacy,10.0,8.98,Preserved
en_tos_110,We may also update your Payment Methods using information provided by the payment service providers.,We may update your Payment Methods using information from the payment service providers.,en,tos_privacy,10.0,8.99,Preserved
en_tos_111,"We at Meta want you to understand what information we collect, and how we use and share it.",We at Meta want you to know what information we collect and how we use and share it.,en,tos_privacy,10.0,9.0,Preserved
en_tos_112,Each section of this Policy includes helpful examples and simpler language to make our practices easier to understand.,Each section of this Policy includes examples and simpler language to make our practices easier to understand.,en,tos_privacy,10.0,9.07,Preserved
en_tos_113,We've also added links to resources where you can learn more about the privacy topics that interest you.,We've added links to resources where you can learn more about privacy topics.,en,tos_privacy,9.0,8.99,Preserved
en_tos_114,"It's important to us that you know how to control your privacy, so we also show you where you can manage your information in the settings of the Meta Products you use.","It's important that you know how to control your privacy, so we show you where to manage your information in the settings of the Meta Products you use.",en,tos_privacy,10.0,8.98,Preserved
en_tos_115,"Other information is optional, but without it, the quality of your experience might be affected.","Other information is optional, but it may affect the quality of your experience.",en,tos_privacy,9.0,9.09,Preserved
en_tos_116,"In some cases information is de-identified, aggregated or anonymised by third parties so that it no longer identifies individuals before it's made available to us.","Third parties may de-identify, aggregate, or anonymize information before providing it to us, so that it no longer identifies individuals.",en,tos_privacy,6.0,8.19,Preserved
en_tos_117,"To use less information that's connected to individual users, in some cases we de-identify or aggregate information or anonymise it so that it no longer identifies you.","To use less personal information, we sometimes remove identifying details or combine it with other data.",en,tos_privacy,5.0,8.11,Preserved
en_tos_118,We use this information in the same ways we use your information as described in this section.,We use this information in the same ways as your information as described in this section.,en,tos_privacy,10.0,8.96,Preserved
en_tos_119,"Seeing if our Products are working correctly, such as troubleshooting and fixing it when it's not working",Testing if our Products work correctly and fixing them when they don't.,en,tos_privacy,7.0,8.59,Preserved
en_tos_120,"We communicate with you using information you've given us, such as contact information you've entered on your profile.","We contact you using the information you provided, such as details in your profile.",en,tos_privacy,7.0,8.8,Preserved
en_tos_121,"We use information we have, information from researchers and datasets from publicly available sources, professional groups and charitable groups to conduct and support research.","We use information from various sources, including researchers and public datasets, professional and charitable groups, to conduct and support research.",en,tos_privacy,8.0,8.77,Preserved
en_tos_122,"We also process information that we receive about you from other Meta Companies, according to their terms and policies and as permitted by applicable law.","We also process information received from other Meta Companies, following their terms and policies and as allowed by law.",en,tos_privacy,9.0,8.8,Preserved
en_tos_123,"To exercise your rights, visit our Help Centres, your settings for Facebook and Instagram and your device-based settings.","To exercise your rights, visit our Help Centres, Facebook settings, Instagram settings, and device-based settings.",en,tos_privacy,9.0,8.94,Preserved
en_tos_124,"We keep information for as long as we need it to provide our products, comply with legal obligations or to protect our or other's interests.","We keep information as needed for our products, to meet legal obligations, or to protect our interests or others'.",en,tos_privacy,8.0,8.79,Preserved
en_tos_125,We decide how long we need information on a case-by-case basis. Here's what we consider when we decide:,We decide how long to keep information on a case-by-case basis. We consider these factors:,en,tos_privacy,9.0,8.9,Preserved
en_tos_126,"In some instances and for specific reasons, we'll keep information for an extended period of time.",We will keep information for a longer time in some cases for specific reasons.,en,tos_privacy,6.0,8.84,Preserved
en_tos_127,You'll have the opportunity to review the revised Policy before you choose to continue using our products.,You will be able to review the updated Policy before continuing to use our products.,en,tos_privacy,8.0,8.86,Preserved
en_tos_128,"Make suggestions for you (such as people that you may know, groups or events that you may be interested in or topics that you may want to follow) on and off our Products.","Provide suggestions for you (such as people, groups, events, or topics you might be interested in) on and off our Products.",en,tos_privacy,8.0,8.8,Preserved
en_tos_129,Our ads system prioritises what ad to show you based on what audience advertisers want to reach.,Our ad system shows you ads based on which audiences advertisers want to reach.,en,tos_privacy,9.0,8.95,Preserved
en_tos_130,"Content that you provide through our camera feature or your camera roll settings, or through our voice-enabled features","Content you provide through our camera, camera roll, or voice features.",en,tos_privacy,7.0,8.91,Preserved
en_tos_131,"For example, information such as content and messages that you or others exchange with these features","For example, information such as content and messages you or others exchange with these features.",en,tos_privacy,10.0,9.11,Preserved
en_tos_132,"What you're doing on your device, such as whether our app is in the foreground or if your mouse is moving (which can help tell humans from bots)","What you're doing on your device, such as whether our app is in the foreground or if your mouse is moving (to help distinguish humans from bots).",en,tos_privacy,10.0,9.02,Preserved
en_tos_133,"Connect your Meta Products account, including your public profile information, to an integrated partner to sign in or share your information","Connect your Meta Products account, including public profile info, to an integrated partner to sign in or share info.",en,tos_privacy,10.0,9.03,Preserved
en_tos_134,"Provide messaging services, the ability to make voice and video calls and connect with others","Provide messaging services, voice and video calling, and the ability to connect with others.",en,tos_privacy,9.0,9.02,Preserved
en_tos_135,Facilitate your purchases and payments on Meta Pay or other Meta checkout experiences,Facilitate your purchases and payments on Meta Pay or other Meta checkout experiences.,en,tos_privacy,10.0,9.04,Preserved
en_tos_136,"See if our Products are working correctly, such as troubleshooting and fixing it when it's not working",Check if our Products are working correctly and fix them when they aren't.,en,tos_privacy,8.0,8.81,Preserved
en_tos_137,Conduct surveys and other research about what you like about our Products and brands and on what we can do better for Meta Products and brands,"Conduct surveys and research on what you like about our products and brands, and on how we can improve our Meta products and brands.",en,tos_privacy,9.0,8.75,Preserved
en_tos_139,"Detect, prevent and combat harmful or unlawful behaviour, such as to review and, in some cases, remove content reported to us","Detect, prevent, and address harmful or unlawful behavior, such as reviewing and removing reported content.",en,tos_privacy,8.0,8.6,Preserved
en_tos_140,Identify and combat disparities and racial bias against historically marginalised communities,Identify and address racial bias against historically marginalized communities,en,tos_privacy,9.0,8.83,Preserved
en_tos_141,"What you’re doing on your device, like whether our app is in the foreground or if your mouse is moving (which can help tell humans from bots)","What you're doing on your device, like whether our app is active or if your mouse is moving.",en,tos_privacy,8.0,8.85,Preserved
en_tos_142,"Content you provide through our camera feature or your camera roll settings, or through our voice-enabled features","Content you provide through our camera feature, camera roll settings, or voice-enabled features.",en,tos_privacy,9.0,9.0,Preserved
en_tos_143,The categories of information depend on the specific circumstances of each mandatory request or obligation.,The categories of information depend on the specific circumstances of each mandatory request or obligation.,en,tos_privacy,10.0,9.07,Preserved
en_tos_144,Only the information necessary to comply with the relevant legal obligation will be shared or otherwise processed.,Only necessary information will be shared or processed to comply with legal obligations.,en,tos_privacy,6.0,8.98,Preserved
en_tos_146,"To promote the safety, security and integrity of Meta Companies, Meta Products, users, employees, property and the public","To promote the safety, security, and integrity of Meta Companies, Meta Products, users, employees, property, and the public.",en,tos_privacy,10.0,9.0,Preserved
en_tos_147,"In response to legal requests from third parties such as civil litigants, law enforcement and other government authorities","In response to legal requests from third parties like civil litigants, law enforcement, or other government authorities,",en,tos_privacy,10.0,8.75,Preserved
en_tos_148,"The categories of information we access, preserve, use and share depend on the specific circumstances.","The types of information we access, preserve, use, and share depend on specific circumstances.",en,tos_privacy,10.0,9.0,Preserved
en_rental_001,No guests of the Tenants may occupy the Property for longer than one week without the prior written permission of the Landlord.,No guests of the Tenants may stay at the Property for more than one week without the Landlord's written permission first.,en,rental,9.0,8.62,Preserved
en_rental_002,"No pets or animals are allowed to be kept in or about the Property without the prior written permission of the Landlord. Upon 30 days' notice, the Landlord may revoke any permission previously given pursuant to this clause.",No pets or animals are allowed on the Property without the Landlord's written permission first. The Landlord can revoke this permission with 30 days' notice.,en,rental,7.0,8.26,Preserved
en_rental_003,The Tenant and members of Tenant's household will not smoke anywhere in the Property nor permit any guests or visitors to smoke in the Property.,The Tenant and household members will not smoke anywhere in the Property and will not allow guests to smoke in the Property.,en,rental,9.0,8.55,Preserved
en_rental_004,"Upon any notice required under the Act, or no notice where there is no Act or the Act does not specify, the Landlord may terminate this tenancy where the Tenant has breached any provision of this rental, including the failure to pay the Rent for at least one month.","Upon any required notice, or no notice where there is no law or the law does not say otherwise, the Landlord may end this tenancy if the Tenant fails to pay the Rent for at least one month.",en,rental,8.0,8.09,Preserved
en_rental_005,"The Landlord covenants that on paying the Rent and performing the covenants contained in this Lease, the Tenant will peacefully and quietly have, hold, and enjoy the Property for the agreed term.","The Landlord promises that upon paying the rent and fulfilling the terms of this lease, the Tenant will have the right to peacefully use and enjoy the Property for the agreed period.",en,rental,8.0,8.1,Preserved
en_rental_006,"The Tenant will obtain written permission from the Landlord before doing any of the following: applying adhesive materials, or inserting nails or hooks in walls or ceilings other than two small picture hooks per wall.","The Tenant must get written permission from the Landlord before applying adhesive materials or inserting nails or hooks into walls or ceilings, except for two small picture hooks per wall.",en,rental,9.0,8.64,Preserved
en_rental_007,"The Tenant will obtain written permission from the Landlord before doing any of the following: painting, wallpapering, redecorating or in any way significantly altering the appearance of the Property.","The Tenant must get written permission from the Landlord before painting, wallpapering, redecorating, or significantly changing the appearance of the Property.",en,rental,9.0,8.79,Preserved
en_rental_008,"The Tenant will obtain written permission from the Landlord before doing any of the following: removing or adding walls, or performing any structural alterations.",The Tenant must get written permission from the Landlord before removing or adding walls or making any structural changes.,en,rental,9.0,8.84,Preserved
en_rental_009,The Tenant will obtain written permission from the Landlord before doing any of the following: changing the amount of heat or power normally used on the Property as well as installing additional electrical wiring or heating units.,The Tenant must get written permission from the Landlord before:<br>- Changing the usual amount of heat or power used on the Property<br>- Installing additional electrical wiring or heating units,en,rental,9.0,8.59,Preserved
en_rental_010,"The Tenant will obtain written permission from the Landlord before doing any of the following: placing or exposing or allowing to be placed or exposed anywhere inside or outside the Property any placard, notice or sign for advertising or any other purpose.","The Tenant must get written permission from the Landlord before placing or exposing any placard, notice, or sign for advertising or any other purpose inside or outside the Property.",en,rental,8.0,8.58,Preserved
en_rental_011,The Tenant will obtain written permission from the Landlord before doing any of the following: affixing to or erecting upon or near the Property any radio or TV antenna or tower.,The Tenant must get written permission from the Landlord before attaching or placing any radio or TV antenna or tower on or near the Property.,en,rental,7.0,8.41,Preserved
en_rental_012,"In the event that any action is filed in relation to this Lease, the unsuccessful Party in the action will pay to the successful Party, in addition to all the sums that either Party may be called on to pay, a reasonable sum for the successful Party's attorney fees.","If any legal action is taken regarding this Lease, the losing party will pay the winning party a reasonable amount for attorney fees, in addition to any other sums that may be due.",en,rental,6.0,7.91,Review: possible meaning loss
en_rental_013,"This Lease will be construed in accordance with, and exclusively governed by, the laws of Uttar Pradesh.",This Lease will be interpreted and governed by the laws of Uttar Pradesh.,en,rental,8.0,8.91,Preserved
en_rental_014,"If there is a conflict between any provision of this Lease and the applicable legislation of Uttar Pradesh (the ""Act""), the Act will prevail and such provisions of the Lease will be amended or deleted as necessary in order to comply with the Act. Further, any provisions that are required by the Act are incorporated into this Lease.","If there is a conflict between this Lease and Uttar Pradesh's legislation (the ""Act""), the Act will prevail. Any Lease provisions that conflict must be amended or removed to comply with the Act. The Act's required provisions are also included in this Lease.",en,rental,5.0,7.73,Review: possible meaning loss
en_rental_015,The invalidity or unenforceability of any provisions of this Lease will not affect the validity or enforceability of any other provision of this Lease. Such other provisions remain in full force and effect.,The invalidity or unenforceability of any part of this Lease does not affect other parts. Those other parts remain valid and enforceable.,en,rental,7.0,8.2,Preserved
en_rental_016,This Lease may only be amended or modified by a written document executed by the Parties.,This Lease can only be changed by a written agreement from both Parties.,en,rental,8.0,8.74,Preserved
en_rental_017,"Without the prior, express, and written consent of the Landlord, the Tenant will not assign this Lease, or sublet or grant any concession or licence to use the Property or any part of the Property.","Without the Landlord's prior, written consent, the Tenant may not assign this Lease, sublet, or grant any use of the Property or part of it.",en,rental,8.0,8.5,Preserved
en_rental_018,"A consent by the Landlord to one assignment, subletting, concession, or licence will not be deemed to be a consent to any subsequent assignment, subletting, concession, or licence.","A consent by the Landlord to one assignment, subletting, concession, or license will not be deemed to be a consent to any subsequent assignment, subletting, concession, or license.",en,rental,10.0,8.81,Preserved
en_rental_019,"Any assignment, subletting, concession, or licence without the prior written consent of the Landlord, or an assignment or subletting by operation of law, will be void and will, at the Landlord's option, terminate this Lease.","Any assignment, subletting, or licence without the Landlord's prior written consent, or an assignment or subletting by law, will be void and may end this Lease.",en,rental,9.0,8.25,Preserved
en_rental_020,"The Tenant will, at its sole expense, keep and maintain the Property and appurtenances in good and sanitary condition and repair during the term of this Lease and any renewal of this Lease.","The Tenant will, at its own cost, keep and maintain the Property and related items in good and sanitary condition and repair during the lease term and any renewal.",en,rental,9.0,8.61,Preserved
en_rental_021,"Major maintenance and repair of the Property not due to the Tenant's misuse, waste, or neglect or that of the Tenant's employee, family, agent, or visitor, will be the responsibility of the Landlord or the Landlord's assigns.","Major maintenance and repair of the Property, not due to the Tenant's misuse, waste, or neglect or that of the Tenant's employees, family, agents, or visitors, will be the responsibility of the Landlord or the Landlord's assigns.",en,rental,10.0,8.35,Preserved
en_rental_022,"The Tenant will promptly notify the Landlord of any damage, or of any situation that may significantly interfere with the normal use of the Property or to any furnishings supplied by the Landlord.",The Tenant must quickly inform the Landlord of any damage or any situation that may seriously affect the normal use of the Property or any furnishings provided by the Landlord.,en,rental,9.0,8.48,Preserved
en_rental_023,The Tenant will not engage in any illegal trade or activity on or about the Property.,The Tenant will not engage in any illegal activities on or around the Property.,en,rental,10.0,8.8,Preserved
en_rental_024,"The Parties will comply with standards of health, sanitation, fire, housing and safety as required by law.","The Parties must follow health, sanitation, fire, housing, and safety standards required by law.",en,rental,9.0,8.88,Preserved
en_rental_025,"If the Tenant is absent from the Property and the Property is unoccupied for a period of 4 consecutive days or longer, the Tenant will arrange for regular inspection by a competent person.","If the Tenant is absent and the Property is unoccupied for 4 days or more, the Tenant will arrange for regular inspections by a competent person.",en,rental,9.0,8.66,Preserved
en_rental_026,"At the expiration of the term of this Lease, the Tenant will quit and surrender the Property in as good a state and condition as they were at the commencement of this Lease, reasonable use and wear and tear excepted.","At the end of this lease, the tenant will return the property in good condition, as it was when the lease began, excluding normal wear and tear.",en,rental,7.0,7.88,Review: possible meaning loss
en_rental_027,"During the term of this Lease or after its termination, the Landlord may charge the Tenant for replacement of locks and/or lost keys to the Property, and any administrative fees associated with the replacement as a result of the Tenant's misplacement of the keys.","During the lease term or after, the Landlord may charge the Tenant for replacing locks and lost keys to the Property, as well as any related administrative fees if the keys are misplaced.",en,rental,8.0,8.12,Preserved
en_rental_028,The Tenant will obey all rules and regulations of the Landlord regarding the Property.,The Tenant will follow all of the Landlord's rules for the Property.,en,rental,8.0,8.56,Preserved
en_rental_029,"Any waiver by the Landlord of any failure by the Tenant to perform or observe the provisions of this Lease will not operate as a waiver of the Landlord's rights under this Lease in respect of any subsequent defaults, breaches or non-performance and will not defeat or affect in any way the Landlord's rights in respect of any subsequent default or breach.",Any waiver by the Landlord of the Tenant's failure to follow this Lease will not affect the Landlord's rights for future defaults or breaches.,en,rental,6.0,7.75,Review: possible meaning loss
en_rental_030,"This Lease will extend to and be binding upon and inure to the benefit of the respective heirs, executors, administrators, successors and assigns, as the case may be, of each Party. All covenants are to be construed as conditions of this Lease.","This Lease will apply to and benefit the heirs, executors, administrators, successors, and assigns of each Party. All promises are conditions of this Lease.",en,rental,7.0,7.86,Review: possible meaning loss
en_rental_031,All sums payable by the Tenant to the Landlord pursuant to any provision of this Lease will be deemed to be additional rent and will be recovered by the Landlord as rental arrears.,All payments by the Tenant to the Landlord under this Lease will be considered additional rent and collected as rental arrears.,en,rental,8.0,8.05,Preserved
en_rental_032,Locks may not be added or changed without the prior written agreement of both Parties.,No Party may add or change locks without both Parties' prior written agreement.,en,rental,8.0,8.69,Preserved
en_rental_033,This Lease may be executed in counterparts. Facsimile signatures are binding and are considered to be original signatures.,This lease can be signed in parts. Fax signatures are valid and count as original signatures.,en,rental,8.0,8.21,Preserved
en_rental_034,This Lease constitutes the entire agreement between the Parties. Any prior understanding or representation of any kind preceding the date of this Lease will not be binding on either Party except to the extent incorporated in this Lease.,"This lease is the full agreement between the parties. Any previous understanding or representation is not binding, except as included in this lease.",en,rental,7.0,8.4,Preserved
en_rental_035,It is the intent of this Lease and agreed to by the Parties to this Lease that rent for this Lease will be on a gross rent basis meaning the Tenant will pay the Base Rent and any Additional Rent and the Landlord will be responsible for all other service charges related to the Premises and the operation of the Building save as specifically provided in this Lease to the contrary.,"It is agreed that the Tenant will pay the Base Rent and any Additional Rent, and the Landlord will cover all other service charges related to the Premises and the Building, except as specifically stated otherwise in this Lease.",en,rental,4.0,7.6,Review: possible meaning loss
en_rental_036,"The Premises will be used for only the following permitted use (the ""Permitted Use"").",The Premises will be used only for the Permitted Use.,en,rental,8.0,8.78,Preserved
en_rental_037,"The term of the Lease commences at 12:00 noon on 8 October 2026 and ends at 12:00 noon on 8 October 2026 (the ""Term"").","The lease term starts at noon on October 8, 2026, and ends at noon on October 8, 2026 (the ""Term"").",en,rental,9.0,8.44,Preserved
en_rental_038,"Should the Tenant remain in possession of the Premises with the consent of the Landlord after the natural expiration of this Lease, a new tenancy from month to month will be created between the Landlord and the Tenant which will be subject to all the terms and conditions of this Lease but will be terminable upon either party giving one month's notice to the other party.","If the Tenant stays in the Premises with the Landlord's permission after the lease ends, a month-to-month tenancy will be created. This tenancy will follow all the terms of the original lease and can be ended by either party giving one month's notice.",en,rental,4.0,7.34,Review: possible meaning loss
en_rental_039,The Tenant will pay the cost of any applicable stamp duty.,The Tenant will pay any applicable stamp duty.,en,rental,9.0,8.84,Preserved
en_rental_040,No acceptance by the Landlord of any amount less than the full amount owed will be taken to operate as a waiver by the Landlord for the full amount or in any way to defeat or affect the rights and remedies of the Landlord to pursue the full amount.,No partial payment will be considered a waiver of the full amount owed. The Landlord can still pursue the full amount.,en,rental,6.0,7.87,Review: possible meaning loss
en_rental_041,"Subject to the provisions of this Lease, the Tenant will pay a base rent of ₹10000, payable per month, for the Premises (the ""Base Rent""), without setoff, abatement or deduction.","Subject to this Lease, the Tenant will pay ₹10,000 per month as Base Rent for the Premises, without setoff, abatement, or deduction.",en,rental,8.0,8.48,Preserved
en_rental_042,"The Tenant will carry on and conduct its business from time to time carried on upon the Premises in such manner as to comply with all statutes, bylaws, rules and regulations of any union, state, local or other competent authority and will not do anything on or in the Premises in contravention of any of them.","The Tenant will conduct its business on the Premises in compliance with all applicable statutes, bylaws, rules, and regulations. The Tenant will not do anything on or in the Premises that violates these rules.",en,rental,5.0,7.76,Review: possible meaning loss
en_rental_043,"The Landlord covenants that on paying the Rent and performing the covenants contained in this Lease, the Tenant will peacefully and quietly have, hold, and enjoy the Premises for the agreed term.","The Landlord promises that upon paying the rent and fulfilling the terms of this lease, the Tenant will have the right to peacefully use and occupy the Premises for the agreed period.",en,rental,8.0,7.88,Review: possible meaning loss
en_rental_044,"If and whenever the Tenant is in default in payment of any money, whether hereby expressly reserved or deemed as rent, or any part of the rent, the Landlord may, without notice or any form of legal process, enter upon the Premises and seize, remove and sell the Tenant's goods, chattels and equipment from the Premises.","If the Tenant fails to pay any money, including rent or part of the rent, the Landlord may enter the Premises and seize, remove, and sell the Tenant's goods without notice or legal process.",en,rental,7.0,7.52,Review: possible meaning loss
en_rental_045,"If the Landlord reenters the Premises or terminates this Lease, then the provisions of this Lease relating to the consequences of termination will survive.","If the Landlord reenters the Premises or terminates this Lease, the termination provisions will survive.",en,rental,8.0,8.66,Preserved
en_rental_046,The Landlord may rel et the Premises or any part of the Premises for a term or terms which may be less or greater than the balance of the Term remaining and may grant reasonable concessions in connection with such reletting including any alterations and improvements to the Premises.,"The Landlord may sublet the Premises or part of the Premises for a term less or greater than the remaining Term and may offer reasonable concessions, including alterations and improvements to the Premises.",en,rental,4.0,7.93,Review: possible meaning loss
en_rental_047,"The Tenant will obtain written permission from the Landlord before doing any of the following: painting, wallpapering, redecorating or in any way significantly altering the appearance of the Premises.","The Tenant must get written permission from the Landlord before painting, wallpapering, redecorating, or significantly changing the appearance of the Premises.",en,rental,9.0,8.78,Preserved
en_rental_048,The Tenant will obtain written permission from the Landlord before removing or adding walls or performing any structural alterations.,The Tenant must get written permission from the Landlord before removing or adding walls or making any structural changes.,en,rental,9.0,8.92,Preserved
en_rental_049,The Tenant will obtain written permission from the Landlord before changing the amount of heat or power normally used on the Premises as well as installing additional electrical wiring or heating units.,"The Tenant must get written permission from the Landlord before changing heat or power usage, installing additional electrical wiring, or heating units.",en,rental,8.0,8.59,Preserved
en_rental_050,The rental term begins on [Date] (“Start Date”) and continues as follows:— OPTION 1 Month-to-month. The rental tenancy of the Property will continue on a month-to-month basis until terminated under the terms of this agreement.,"The rental term starts on [Date] (""Start Date"") and continues month-to-month until terminated as per this agreement.",en,rental,6.0,8.13,Preserved
en_rental_051,OPTION 2 Lease. The lease of the Property will continue for one calendar year or until [Date]. Any holdover of the Property thereafter will be on a month-to-month basis.,OPTION 2 LEASE. The lease of the Property will continue for one year or until [Date]. Any further occupancy will be on a month-to-month basis.,en,rental,9.0,8.6,Preserved
en_rental_052,"Tenants agree to pay [Rent] to rent the Property, and such payments will be made (after the initial payment due on the date of signing) on or before the first day of each month.","Tenants agree to pay [Rent] each month, with the first payment due on the signing date.",en,rental,6.0,8.3,Preserved
en_rental_053,"If the Start Date is on a day other than the first of the month, rent will be prorated for the first month.","If the start date is not on the first of the month, rent will be prorated for the first month.",en,rental,10.0,8.77,Preserved
en_rental_054,"If payments are sent by mail, they must be sent sufficiently in advance of the due date to ensure delivery on or before the first day of the month.","If payments are mailed, they must be sent early enough to ensure they are delivered by the first day of the month.",en,rental,8.0,8.83,Preserved
en_rental_055,Tenants will pay Landlord a security deposit of [Deposit] on the day this Residential Lease Agreement is signed.,Tenants will pay the Landlord a security deposit of [Deposit] on the day this Residential Lease Agreement is signed.,en,rental,10.0,8.88,Preserved
en_rental_056,"Landlord is not required to keep security deposit funds in a trust account, nor required to pay any interest on it, unless required by law.","Landlord does not have to keep security deposit in a trust account or pay interest on it, unless required by law.",en,rental,9.0,8.79,Preserved
en_rental_057,"Within 30 days of the termination of this lease (and Tenant vacating the Property), Landlord will provide the Tenants with an itemized statement showing any retention of any portions of the Security Deposit amount for the cost of repair or cleaning above and beyond the ordinary wear and tear on the Property or any other sums due to Landlord under this Residential Lease Agreement.","Within 30 days after the lease ends and Tenant moves out, Landlord will give Tenants a list showing any part of the Security Deposit kept for repairs or cleaning beyond normal wear and tear or other amounts owed under this agreement.",en,rental,4.0,7.61,Review: possible meaning loss
en_rental_058,Tenants are not permitted to treat the Security Deposit as payment of any rent payment.,Tenants may not use the Security Deposit to pay rent.,en,rental,8.0,8.75,Preserved
en_rental_059,Late fees of [Fee] per day will apply beginning on the fifth day of each month if payment is not timely made or the maximum amount authorized by law.,Late fees of [Fee] per day will apply starting on the fifth day of each month if payment is not timely made or as allowed by law.,en,rental,9.0,8.77,Preserved
hi_tos_001,"उन नियमों का वर्णन करता है, जिनसे आप हमारी सेवाओं का उपयोग करते समय सहमत होते हैं.",उपयोग करते समय सहमत होने वाले नियमों का वर्णन करता है.,hi,tos_privacy,5.0,9.1,Preserved
hi_tos_002,"जब आप हमारी वेबसाइट या ऐप, हमारे उत्पादों या सेवाओं में प्रवेश करके, हमारे उपयोगकर्ता डेटाबेस में भाग लेकर या हमारी सहायता टीम के साथ बातचीत करना चुनते हैं, तो आप स्वीकार करते हैं कि आपकी व्यक्तिगत जानकारी को इस गोपनीयता नीति में वर्णित रूप से व्यवहार किया जाएगा।","जब आप हमारी वेबसाइट या ऐप, उत्पाद या सेवा में प्रवेश करते हैं, या हमारे सहायता टीम से बातचीत करते हैं, तो आपकी व्यक्तिगत जानकारी को गोपनीयता नीति के अनुसार व्यवहार किया जाएगा।",hi,tos_privacy,8.0,8.86,Preserved
hi_tos_003,यह वेबसाइट 18 वर्ष से कम आयु के व्यक्तियों के लिए अभिप्रेत नहीं है।,यह वेबसाइट 18 वर्ष से कम आयु के लोगों के लिए अनुमति नहीं है।,hi,tos_privacy,9.0,9.12,Preserved
hi_tos_004,"हम जानबूझकर बच्चों से या उनके बारे में व्यक्तिगत जानकारी नहीं मांगते या एकत्र करते हैं, और हम जानबूझकर बच्चों के लिए अपने उत्पादों या सेवाओं का विपणन नहीं करते हैं।",हम बच्चों से या उनके बारे में व्यक्तिगत जानकारी नहीं मांगते और बच्चों के लिए उत्पाद या सेवाओं का विपणन नहीं करते।,hi,tos_privacy,9.0,9.06,Preserved
hi_tos_005,"हम आपकी उपयोगकर्ता जानकारी, आपकी व्यक्तिगत जानकारी सहित को अनधिकृत या अनुचित पहुंच, उपयोग या प्रकटीकरण से सुरक्षित रखने के लिए सख्त भौतिक, इलेक्ट्रॉनिक और प्रशासनिक सुरक्षा उपाय बनाए रखते हैं।","हम आपकी व्यक्तिगत जानकारी से सुरक्षित रखने के लिए भौतिक, इलेक्ट्रॉनिक और प्रशासनिक सुरक्षा उपाय बनाए रखते हैं।",hi,tos_privacy,7.0,9.03,Preserved
hi_tos_006,"हम यह सुनिश्चित करते हैं कि जब हम आपकी जानकारी को तृतीय पक्षों के साथ साझा करते हैं, तो हम अनुबंधित रूप से ऐसे तृतीय पक्षों से उचित सुरक्षा प्रथाओं का पालन करने और आपकी जानकारी की सुरक्षा सुनिश्चित करने के लिए पर्याप्त सुरक्षा उपाय करने की अपेक्षा करते हैं।","हम यह सुनिश्चित करते हैं कि जब हम आपकी जानकारी को तृतीय पक्षों के साथ साझा करते हैं, तो वे उचित सुरक्षा प्रथाओं का पालन करें और आपकी जानकारी की सुरक्षा सुनिश्चित करें।",hi,tos_privacy,8.0,9.05,Preserved
hi_tos_007,"इन शर्तों को समझना इसलिए ज़रूरी है, क्योंकि हमारी सेवाओं को ऐक्सेस करने या इस्तेमाल करने का मतलब है कि आप इन शर्तों से सहमत हैं.","इन शर्तों को समझें, क्योंकि आपको हमारी सेवाओं का उपयोग करने की अनुमति देने का मतलब है कि आप इन शर्तों से सहमत हैं.",hi,tos_privacy,9.0,9.12,Preserved
hi_tos_008,"उपरोक्त के अलावा, हम उपयोगकर्ता जानकारी केवल तभी जारी करते हैं जब कानून के तहत इसकी अनुमति हो या कानूनी अनुपालन और कानून प्रवर्तन के लिए कानून द्वारा आवश्यक हो।","उपरोक्त के अलावा, हम जेसे ही कानून के तहत अनुमति हो या कानूनी अनुपालन और कानून प्रवर्तन के लिए आवश्यक हो, उपयोगकर्ता जानकारी जारी करते हैं।",hi,tos_privacy,8.0,9.09,Preserved
hi_tos_009,आप हमसे संपर्क करके किसी भी समय अपनी उपयोगकर्ता जानकारी प्राप्त करने का अनुरोध कर सकते हैं जो हमारे पास है।,आप हमसे संपर्क करके किसी भी समय अपनी उपयोगकर्ता जानकारी प्राप्त कर सकते हैं जो हमारे पास है।,hi,tos_privacy,10.0,9.13,Preserved
hi_tos_010,आपको अपनी पहचान सत्यापित करनी होगी।,आपको पहचान सत्यापित करनी होगी।,hi,tos_privacy,10.0,9.12,Preserved
hi_tos_011,हमारे द्वारा कुछ जानकारी प्रदान करना संभव नहीं हो सकता यदि ऐसी जानकारी प्रदान करने से दूसरों की गोपनीयता में हस्तक्षेप होता है।,"हमारे पास ऐसी जानकारी प्रदान करने से दूसरों की गोपनीयता का हस्तक्षेप होता है, इसलिए इसका प्रदान करना संभव नहीं हो सकता।",hi,tos_privacy,7.0,9.14,Preserved
hi_tos_012,हम उपयोगकर्ता की जानकारी को तब तक बनाए रखते हैं जब तक कि यह इस गोपनीयता नीति में बताए गए उद्देश्यों के लिए आवश्यक है।,हम उपयोगकर्ता की जानकारी को बनाए रखते हैं जब तक कि यह गोपनीयता नीति के उद्देश्यों के लिए आवश्यक है।,hi,tos_privacy,10.0,9.13,Preserved
hi_tos_013,"हम उपयोगकर्ता जानकारी को, जैसा हम उचित समझें, हटाने, निपटाने, अज्ञात करने या अलग करने के लिए सभी उचित उपाय करते हैं, जब हमारे पास ऐसी उपयोगकर्ता जानकारी को संसाधित करने की वैध आवश्यकता नहीं होती है।","हम उपयोगकर्ता जानकारी को हटाते, निपटाते, अज्ञात करते या अलग करते हैं जब इसकी संसाधित करनी वैध नहीं होती।",hi,tos_privacy,7.0,8.99,Preserved
hi_tos_014,यह गोपनीयता नीति भारत के कानूनों के अनुसार नियंत्रित और संचालित होती है।,यह गोपनीयता नीति भारत के कानूनों के अनुसार चलती है।,hi,tos_privacy,8.0,9.13,Preserved
hi_tos_015,"यदि कोई भी पक्ष कानूनी सहारा लेना चाहता है, तो वे नई दिल्ली में एकमात्र और अनन्य न्यायालयों का उपयोग करके ऐसा कर सकते हैं।","यदि कोई भी पक्ष कानूनी सहारा लेना चाहता है, तो वे नई दिल्ली में एकमात्र और अनन्य न्यायालयों का उपयोग करें।",hi,tos_privacy,10.0,9.12,Preserved
hi_tos_016,"यदि आप इस गोपनीयता नीति से सहमत नहीं हैं, तो कृपया हमारे प्लेटफ़ॉर्म का उपयोग या एक्सेस न करें।","यदि आप इस गोपनीयता नीति से सहमत नहीं हैं, तो कृपया हमारे प्लेटफ़ॉर्म का उपयोग या एक्सेस न करें।",hi,tos_privacy,10.0,9.09,Preserved
hi_tos_017,"लागू कानूनों का पालन करना, जिनमें एक्सपोर्ट पर लागू नियंत्रण, पाबंदियां, काले धन को वैध तरीके से कमाए गए पैसों के तौर पर दिखाने, और मानव तस्करी से जुड़े कानून शामिल हैं","लागू कानूनों का पालन करना, जिनमें नियंत्रण, पाबंदियां, काले धन और मानव तस्करी से जुड़े कानून शामिल हैं।",hi,tos_privacy,7.0,9.08,Preserved
hi_tos_018,दूसरों को या खुद को नुकसान न पहुंचाना या दूसरों के साथ या अपने साथ बुरा बर्ताव न करना (या न तो ऐसे नुकसान या बुरे बर्ताव की धमकी देना या इन्हें बढ़ावा देना).,दूसरों को या खुद को नुकसान न पहुंचाना और बुरा बर्ताव न करना।,hi,tos_privacy,6.0,9.09,Preserved
hi_tos_019,"अगर हम किसी सेवा के गलत इस्तेमाल की शिकायत मिलने पर कोई कार्रवाई करते हैं, तो हम उसके लिए अपनाई गई प्रोसेस की जानकारी भी देते हैं.","अगर हमें किसी सेवा का गलत इस्तेमाल की शिकायत मिले, तो हम उसके लिए किया गया प्रोसेस की जानकारी भी देते हैं.",hi,tos_privacy,9.0,9.11,Preserved
hi_tos_020,"कृपया ध्यान दें, आपकी व्यक्तिगत जानकारी का प्रोसेसिंग भारतीय कानूनों के अधीन होगा।","कृपया ध्यान दें, आपकी व्यक्तिगत जानकारी का प्रोसेसिंग भारतीय कानूनों के अधीन होगा।",hi,tos_privacy,10.0,9.13,Preserved
hi_tos_021,"ऐसी सेवाएं उपलब्ध कराना जिनके बारे में लगता है कि उन्हें आपने (या किसी दूसरे व्यक्ति ने) बनाया है, जबकि वे हमारी सेवाएं हैं","ऐसी सेवाएं उपलब्ध कराना जिनके बारे में लगता है कि उन्हें आपने बनाया है, जबकि वे हमारी सेवाएं हैं।",hi,tos_privacy,9.0,9.12,Preserved
hi_tos_022,"किसी व्यक्ति के कानूनी अधिकारों का उल्लंघन करने के लिए हमारी सेवाओं और इनमें दिखाया जाने वाला कॉन्टेंट इस्तेमाल करना. जैसे, बौद्धिक संपत्ति या निजात के अधिकार","किसी का कानूनी अधिकार उल्लंघन करने के लिए हमारे सेवाएं और उनमें दिखाए गए कॉन्टेंट का इस्तेमाल न करें. जैसे, बौद्धिक संपत्ति या निजात के अधिकार.",hi,tos_privacy,9.0,9.06,Preserved
hi_tos_023,"हम व्यक्तिगत जानकारी एकत्र करते हैं जो आपके द्वारा अनुरोधित सेवाएं प्रदान करने, अन्य सेवाओं / उत्पादों की पेशकश करने, जिसमें तृतीय पक्षों के साथ साझेदारी शामिल है, और PhonePe प्लेटफॉर्म में निरंतर सुधार करने के लिए प्रासंगिक और अत्यंत आवश्यक है।","हम आपकी व्यक्तिगत जानकारी एकत्र करते हैं जो सेवाओं प्रदान करने, अन्य सेवाओं / उत्पादों की पेशकश करने और PhonePe प्लेटफॉर्म में निरंतर सुधार करने के लिए तृतीय पक्षों के साथ भी शामिल होती है।",hi,tos_privacy,8.0,8.95,Preserved
hi_tos_024,आप हमारी सेवाओं के लिए सामग्री उपलब्ध कराने के लिए जवाबदेह नहीं हैं. आप हमें अपनी पसंद के मुताबिक सामग्री उपलब्ध कराने के लिए स्वतंत्र हैं.,आप हमारी सेवाओं के लिए सामग्री उपलब्ध कराने के लिए जवाबदेह नहीं हैं. आप अपनी पसंद के मुताबिक सामग्री उपलब्ध कराने के लिए स्वतंत्र हैं.,hi,tos_privacy,10.0,9.1,Preserved
hi_tos_025,"अगर आपके बौद्धिक संपत्ति के अधिकार हमें आपकी सामग्री इस्तेमाल करने से रोकते हैं, तो हमें आपकी अनुमति की ज़रूरत होगी.","अगर आपके बौद्धिक संपत्ति के अधिकार हमें आपकी सामग्री इस्तेमाल करने से रोकते हैं, तो हमें आपकी अनुमति की जरूरत होगी।",hi,tos_privacy,10.0,9.12,Preserved
hi_tos_026,"अगर किसी व्यक्ति ने आपको अनुमति दी है, तो आपके पास उसकी क्रिएटिव सामग्री को शेयर करने का अधिकार भी हो सकता है.","अगर किसी ने आपको अनुमति दी है, तो आप उसकी क्रिएटिव सामग्री को शेयर कर सकते हैं.",hi,tos_privacy,8.0,9.12,Preserved
hi_tos_027,"उदाहरण के लिए, आपके पास अपनी बनाई हुई क्रिएटिव सामग्री (जैसे कि आपकी लिखी समीक्षाएं) का बौद्धिक संपत्ति का अधिकार होता है.","उदाहरण के लिए, आपके पास लिखी समीक्षाएं का बौद्धिक संपत्ति का अधिकार होता है.",hi,tos_privacy,8.0,9.03,Preserved
hi_tos_028,इस लाइसेंस से आपके निजता के अधिकारों पर कोई असर नहीं पड़ता — इसका संबंध सिर्फ़ आपके बौद्धिक संपत्ति के अधिकारों से है,इस लाइसेंस से आपकी निजता की अधिकारिता को कोई प्रभाव नहीं पड़ेगा - यह केवल आपके बौद्धिक संपत्ति के अधिकारों से है।,hi,tos_privacy,9.0,9.1,Preserved
hi_tos_029,आपकी सामग्री के आधार पर उसमें बदलाव करना या उसे दूसरा रूप देना. जैसे कि आपकी सामग्री का फ़ॉर्मैट बदलना या अनुवाद करना,आपकी सामग्री के आधार पर उसे बदलना या अनुवाद करना.,hi,tos_privacy,6.0,9.08,Preserved
hi_tos_030,आधार जानकारी जमा करना अनिवार्य नहीं है और पहचान जानकारी जमा करने के विकल्प हैं।,आधार जानकारी जमा करना अनिवार्य नहीं है और पहचान जानकारी जमा करने के विकल्प हैं।,hi,tos_privacy,10.0,9.12,Preserved
hi_tos_031,"उदाहरण के लिए, किसी Google app का प्रमोशन करने के लिए हम आपकी लिखी समीक्षा को कोट कर सकते हैं.","उदाहरण के लिए, किसी Google app के प्रमोशन के लिए हम आपकी लिखी समीक्षा को कोट कर सकते हैं.",hi,tos_privacy,10.0,9.11,Preserved
hi_tos_032,"यह लाइसेंस तब तक मान्य होता है, जब तक आपकी सामग्री बौद्धिक संपत्ति के अधिकारों के ज़रिए सुरक्षित रहती है.","यह लाइसेंस तब तक मान्य होता है, जब तक आपकी सामग्री बौद्धिक संपत्ति के अधिकारों को सुरक्षित रहती है.",hi,tos_privacy,10.0,9.12,Preserved
hi_tos_033,आपका एडमिन आपसे कुछ और नियमों का पालन करने के लिए कह सकता है. एडमिन के पास आपके Google खाते का इस्तेमाल करने और उसे बंद करने का अधिकार भी हो सकता है.,आपका एडमिन आपसे कुछ नियमों का पालन करने के लिए कह सकता है. एडमिन के पास आपके Google खाते का इस्तेमाल और बंद करने का अधिकार भी हो सकता है.,hi,tos_privacy,10.0,9.13,Preserved
hi_tos_034,"अगर आप हमें कोई सुझाव देने का विकल्प चुनते हैं, तो हम आपको जवाब दिए बिना इन सुझावों पर कार्रवाई कर सकते हैं. जैसे कि हमारी सेवाओं को बेहतर बनाने के लिए मिले आपके सुझाव.","अगर आप हमें सुझाव देने का विकल्प देते हैं, तो हम आपके सुझाव पर कार्रवाई कर सकते हैं.",hi,tos_privacy,6.0,9.05,Preserved
hi_tos_035,"वीडियो, फोटो, ऑडियो और स्थान, आपकी ऐप अनुमतियों (कैमरा, माइक्रोफ़ोन, स्थान) के माध्यम से आपकी स्पष्ट सहमति के आधार पर जब आप किसी ऐसे उत्पाद का चयन करते हैं जिसकी मुख्य कार्यक्षमता केवल आपकी ऐप अनुमतियों तक पहुँचने के बाद ही प्रदान की जा सकती है।","वीडियो, फोटो, ऑडियो और स्थान, आपकी ऐप अनुमतियों (कैमरा, माइक्रोफ़ोन, स्थान) के माध्यम से आपकी स्पष्ट सहमति के आधार पर चुने हुए उत्पाद की मुख्य कार्यक्षमता तक पहुँच दी जाती है।",hi,tos_privacy,9.0,8.88,Preserved
hi_tos_036,KYC के अनुपालन की प्रक्रिया पूरी करने के लिए।,KYC के अनुपालन की प्रक्रिया पूरी करें।,hi,tos_privacy,9.0,9.12,Preserved
hi_tos_037,शायद आप उस व्यक्ति या संगठन की अनुमति या कानूनी तौर पर अनुमति लिए बिना इस कॉन्टेंट का इस्तेमाल न कर पाएं.,शायद आप बिना अनुमति लेकर यह कॉन्टेंट का इस्तेमाल न कर पाएं.,hi,tos_privacy,7.0,9.08,Preserved
hi_tos_038,"असाइन नहीं किया जा सकता, जिसका मतलब है कि आप यह लाइसेंस किसी दूसरे व्यक्ति को नहीं दे सकते","असाइन नहीं किया जा सकता, जिसका मतलब है कि आप यह लाइसेंस किसी दूसरे व्यक्ति को दे न सकते.",hi,tos_privacy,10.0,9.12,Preserved
hi_tos_039,"आप हमारी सेवाओं या सॉफ़्टवेयर के किसी भी हिस्से की कॉपी नहीं बना सकते, उनमें कोई बदलाव नहीं कर सकते, उन्हें बाँट या बेच नहीं सकते या लीज़ पर नहीं दे सकते.","आप हमारी सेवाओं या सॉफ़्टवेयर को कॉपी नहीं बना सकते, उनमें कोई बदलाव नहीं कर सकते, उन्हें बाँट या बेच नहीं सकते और लीज़ पर नहीं दे सकते।",hi,tos_privacy,10.0,9.02,Preserved
hi_tos_040,"इन शर्तों के तहत हमारी जवाबदेही उतनी ही है जितनी लागू कानून के मुताबिक ज़रूरी है. इन शर्तों के तहत, इन कामों के लिए कानूनी जवाबदेही को सीमित नहीं किया जाता है:",इन शर्तों के तहत हमारी कानूनी जवाबदेही जितनी है उतनी ही है। इन कामों के लिए कानूनी जवाबदेही की कोई सीमा नहीं है।,hi,tos_privacy,8.0,8.95,Preserved
hi_tos_041,"ऐसा होने पर या इसकी वजह से, कोई तीसरा पक्ष कानूनी कार्रवाइयां (इसमें सरकारी अधिकारियों की कार्रवाइयां शामिल हैं) कर सकता है.","ऐसा होने पर या इसकी वजह से, कोई तीसरा पक्ष कानूनी कार्रवाए कर सकता है, इसमें सरकारी अधिकारियों की कार्रवाए भी शामिल हैं.",hi,tos_privacy,9.0,9.1,Preserved
hi_tos_042,"इस भरपाई में दावों, घाटों, नुकसान, फ़ैसलों, जुर्मानों, मुकदमे की लागतों, और कानूनी शुल्कों की वजह से होने वाली कानूनी जवाबदेही या खर्चे शामिल होते हैं.","इस भरपाई में दावों, घाटों, नुकसान, फ़ैसलों, जुर्मानों, मुकदमे की लागतों और कानूनी शुल्कों की कानूनी जवाबदेही या खर्चे शामिल हैं।",hi,tos_privacy,10.0,9.02,Preserved
hi_tos_043,"कॉन्टेंट हटाने और आपके लिए सेवाओं या Google खाते का ऐक्सेस निलंबित या खत्म करने के अलावा, हम कुछ अपराधों की शिकायत संबंधित विभाग से भी कर सकते हैं","कॉन्टेंट हटाने और आपके लिए सेवाओं या Google खाते का ऐक्सेस निलंबित या खत्म करने के अलावा, हम कुछ अपराधों की शिकायत भी कर सकते हैं।",hi,tos_privacy,10.0,9.11,Preserved
hi_tos_044,"लागू कानून के तहत, आपको जुर्माना देना पड़ सकता है या सज़ा मिल सकती है. साथ ही, पीड़ितों को आपकी पहचान बताई जा सकती है.","लागू कानून के तहत, आपको जुर्माना देना या सज़ा मिल सकता है. पीड़ितों को आपकी पहचान बताई जा सकती है.",hi,tos_privacy,10.0,9.12,Preserved
hi_tos_045,"जिन विवादों को कैलिफ़ोर्निया में लागू होने वाले स्थानीय कानून के हिसाब से वहां की किसी अदालत में नहीं निपटाया जा सकता, उन्हें आप अपनी स्थानीय अदालतों में दर्ज कर सकते हैं.","जिन विवादों को कैलिफ़ोर्निया के स्थानीय कानून के हिसाब से अदालत में निपटाया जा सकता है, उन्हें आप अपनी स्थानीय अदालतों में दर्ज कर सकते हैं.",hi,tos_privacy,9.0,9.09,Preserved
hi_tos_046,"कानून के मुताबिक, आपके पास कुछ खास अधिकार होते हैं जिन्हें सेवा की इन शर्तों, जैसे अनुबंधों द्वारा सीमित नहीं किया जा सकता. ये शर्तें किसी भी तरीके से उन अधिकारों पर पाबंदी नहीं लगाती हैं.","कानून के मुताबिक, आपके पास कुछ खास अधिकार हैं जिन्हें किसी भी शर्त, अनुबंध या पाबंदी से नहीं बांधा जा सकता.",hi,tos_privacy,7.0,9.02,Preserved
hi_tos_047,"अगर यह पता चलता है कि कोई खास शर्त मान्य नहीं है या लागू नहीं की जा सकती, तो इससे दूसरी किसी भी शर्त पर असर नहीं पड़ेगा.","अगर कोई खास शर्त मान्य नहीं है या लागू नहीं की जा सकती, तो इससे दूसरी किसी भी शर्त पर असर नहीं पड़ेगा.",hi,tos_privacy,10.0,9.08,Preserved
hi_tos_048,"जब आप हमारी सेवाओं का इस्तेमाल करते हैं, तो आप हमें भरोसे से अपनी जानकारी सौंपते हैं.","जब आप हमारी सेवाओं का इस्तेमाल करते हैं, तो आप हमें अपनी जानकारी सौंपते हैं.",hi,tos_privacy,10.0,9.12,Preserved
hi_tos_049,यह निजता नीति आपको यह समझने में सहायता करती है कि हम किस तरह की जानकारी इकट्ठा करते हैं और क्यों इकट्ठा करते हैं.,यह निजता नीति आपको बताती है कि हम किस प्रकार की जानकारी इकट्ठा करते हैं और क्यों इकट्ठा करते हैं.,hi,tos_privacy,9.0,9.1,Preserved
hi_tos_050,"हमें खुद को किसी तरह की गड़बड़ी, धोखाधड़ी, मनी लॉन्ड्रिंग और अन्य आपराधिक गतिविधि से बचाने के लिए।","हमें खुद को किसी तरह की गड़बड़ी, धोखाधड़ी, मनी लॉन्ड्रिंग और अन्य आपराधिक गतिविधि से बचाने का हर अधिकार रहना है।",hi,tos_privacy,10.0,9.09,Preserved
hi_tos_051,कानूनी और विनियामक दायित्वों को पूरा करने के लिए।,कानूनी और विनियमक दायित्वों को बनाए रखें।,hi,tos_privacy,8.0,9.13,Preserved
hi_tos_052,"हम यह पक्का करने के लिए ज़रूरी कदम उठाते हैं कि सिर्फ़ ऐसे कामों के लिए इसे प्रोसेस किया जाए जो बहुत ज़रूरी हैं, ताकि आपकी निजता में ज़्यादा दखल न हो।",हम यह करते हैं कि केवल बहुत ज़रूरी कामों को प्रोसेस किया जाए ताकि आपकी निजता का दखल कम हो।,hi,tos_privacy,7.0,9.1,Preserved
hi_tos_053,आपकी व्यक्तिगत जानकारी को उचित सावधानी का पालन करने के बाद और इस नीति में निर्धारित उद्देश्यों के अनुरूप लागू कानूनों के तहत अनुमति के अनुसार साझा किया जाता है।,आपकी व्यक्तिगत जानकारी को अनुमति के अनुसार उचित सावधानी के साथ लागू कानूनों के तहत और इस नीति में निर्धारित उद्देश्यों के अनुसार साझा किया जाता है।,hi,tos_privacy,8.0,9.14,Preserved
hi_tos_054,"निजी जानकारी, जैसा लागू हो, जानने की आवश्यकता के आधार पर, निम्नलिखित उद्देश्यों के लिए साझा की जाएगी।",निजी जानकारी को आवश्यकता के आधार पर निम्न उद्देश्यों के लिए साझा की जाएगी।,hi,tos_privacy,9.0,9.1,Preserved
hi_tos_055,"अगर ऐसा करना कानून के हिसाब से ज़रूरी हो या अच्छी भावना से जहां हम मानते हैं कि इस तरह की जानकारी, पेश होने का आदेश, अदालत के आदेश, या अन्य कानूनी प्रक्रिया का जवाब देने के लिए बहुत ज़रूरी है।","अगर कानून के हिसाब से ज़रूरी हो या अच्छी भावना से जहां हम मानते हैं कि इस तरह की जानकारी, पेश होने का आदेश, अदालत के आदेश, या अन्य कानूनी प्रक्रिया का जवाब देने के लिए बहुत ज़रूरी है।",hi,tos_privacy,10.0,9.13,Preserved
hi_tos_056,"आपके गतिविधि के इतिहास में सेव की गई गतिविधि से जुड़ी जानकारी का पता लगाने और उसे मैनेज करने के लिए, अपने Google खाते में जाएं.","आपके गतिविधि के इतिहास में सेव की गई गतिविधि से जुड़ी जानकारी का पता लगाने और उसे मैनेज करने के लिए, अपने Google खाते में जाएं.",hi,tos_privacy,10.0,9.13,Preserved
hi_tos_057,"जब हमारी सेवाओं का इस्तेमाल किया जाता है, तो हम आपकी जगह की जानकारी इकट्ठा करते हैं. इससे हमें आपको कुछ सुविधाएं देने में मदद मिलती है.","जब हमारी सेवाएं इस्तेमाल की जाती हैं, तो हम आपकी जानकारी इकट्ठा करते हैं जो आपको कुछ सुविधाएं देने में मदद करती हैं.",hi,tos_privacy,9.0,9.12,Preserved
hi_tos_058,"आपके चुने गए प्रॉडक्ट और सेटिंग के आधार पर, Google अलग-अलग तरह की जगह की जानकारी का इस्तेमाल कर सकता है.","आपके चुने गए प्रोडक्ट और सेटिंग के आधार पर, Google अलग-अलग तरह की जगह की जानकारी का इस्तेमाल कर सकता है.",hi,tos_privacy,10.0,9.12,Preserved
hi_tos_059,यदि सरकारी अधिकारियों द्वारा सरकारी पहलों और लाभों के लिए अनुरोध किया जाता है।,यदि सरकारी अधिकारियों ने सरकारी पहलों और लाभों के लिए अनुरोध किया है।,hi,tos_privacy,10.0,9.14,Preserved
hi_tos_060,"हम आपकी जगह की जानकारी का किस तरह का डेटा इकट्ठा करते हैं और कितने समय तक उसे सेव रखते हैं, यह कुछ हद तक आपके डिवाइस और खाते की सेटिंग पर निर्भर करता है.","हम आपकी जगह की जानकारी किस प्रकार का डेटा इकट्ठा करते हैं और कितने समय तक उसे सेव रखते हैं, यह आपके डिवाइस और खाते की सेटिंग पर निर्भर करता है.",hi,tos_privacy,10.0,9.1,Preserved
hi_tos_061,"हम व्यक्तिगत जानकारी को भारत के भीतर संग्रहीत करते हैं और इसे लागू कानूनों के अनुसार और उस अवधि के लिए बनाए रखते हैं, जो उस उद्देश्य के लिए आवश्यक नहीं है जिसके लिए इसे एकत्र किया गया था।",हम भारत में व्यक्तिगत जानकारी को संग्रहीत करते हैं और उसे लागू कानूनों के अनुसार बनाए रखते हैं।,hi,tos_privacy,6.0,9.12,Preserved
hi_tos_062,"हमसे जुड़ी निजी जानकारी को उस स्थिति में सेव करके रख सकते हैं, अगर हमें लगता है कि यह, धोखाधड़ी या भविष्य में गलत इस्तेमाल को रोकने के लिए ज़रूरी है या किसी कानूनी/नियामक कार्यवाही को अधूरी रहने या उस बारे में कोई कानूनी और/या नियामक निर्देश मिलने की स्थिति में कानून के हिसाब से ज़रूरी हो।","हमसे जुड़ी निजी जानकारी को रख सकते हैं, यदि धोखाधड़ी रोकने या कानूनी कार्यवाही को अधूरा नहीं रहने के लिए ज़रूरी हो।",hi,tos_privacy,5.0,8.99,Preserved
hi_tos_063,"जब निजी जानकारी के सेव करके रखने का समय खत्म हो जाता है, तो इसे सेव करके रखने और लागू नियमों के हिसाब से उसे डिलीट कर दिया जाएगा।","जब निजी जानकारी का सेव करके रखने का समय खत्म हो जाता है, तो इसे सेव करके रखने और लागू नियमों के हिसाब से डिलीट कर दिया जाएगा।",hi,tos_privacy,10.0,9.14,Preserved
hi_tos_064,अपनी लॉगिन आईडी और पासवर्ड की गोपनीयता बनाए रखने और उसकी सुरक्षा के लिए आप ज़िम्मेदार हैं।,आप अपनी लॉगिन आईडी और पासवर्ड की सुरक्षा के लिए ज़िम्मेदार हैं।,hi,tos_privacy,9.0,9.12,Preserved
hi_tos_065,"अगर आपकी निजी जानकारी से वाकई में कोई समझौता किया जाता है या ऐसा होने का संदेह है, तो इस बारे में हमें सूचना देना आपकी ज़िम्मेदारी होगी।","अगर आपकी निजी जानकारी से कोई समझौता किया जाता है या ऐसा होने का संदेह है, तो इस बारे में हमें सूचना देना आपकी ज़िम्मेदारी होगी।",hi,tos_privacy,10.0,9.13,Preserved
hi_tos_066,"PhonePe प्लेटफ़ार्म या सेवाओं का इस्तेमाल करके और/या अपनी निजी जानकारी उपलब्ध कराकर, आप इस बात की सहमति देते हैं कि इस गोपनीयता नीति के मुताबिक, PhonePe के ज़रिए आपकी निजी जानकारी को प्रोसेस किया जा सकता है।","PhonePe प्लेटफ़ार्म या सेवाओं का इस्तेमाल करके और/या अपनी निजी जानकारी उपलब्ध कराकर, आप इस बात की सहमति देते हैं कि इस गोपनीयता नीति के मुताबिक आपकी निजी जानकारी को प्रोसेस किया जा सकता है।",hi,tos_privacy,10.0,9.02,Preserved
hi_tos_067,"हम इकट्ठा की गई जानकारी का इस्तेमाल, अपनी सेवाओं को आपकी पसंद के मुताबिक बनाने के लिए करते हैं.",हम इकट्ठा की जानकारी का इस्तेमाल करके आपकी पसंद के मुताबिक सेवाएँ बनाते हैं.,hi,tos_privacy,9.0,9.09,Preserved
hi_tos_068,"अगर आप किसी अन्य व्यक्ति से जुड़ी निजी जानकारी हमें ज़ाहिर करेंगे, तो इसका मतलब आपकी ओर से यह स्वीकार करना है कि आपको ऐसा करने का अधिकार है।","अगर आप किसी अन्य व्यक्ति से निजी जानकारी ज़ाहिर करें, तो यह अर्थ है कि आपको यह करने का अधिकार है।",hi,tos_privacy,9.0,9.1,Preserved
hi_tos_069,"अगर आप अपनी संपर्क जानकारी हमारी सभी सूचियों और न्यूज़लेटर से हटाना चाहते हैं या हमारी किसी सेवा को बंद करना चाहते हैं, तो कृपया भेजे जाने वाले ईमेल पर सदस्यता छोड़ें बटन पर क्लिक करें।","अगर आप अपनी संपर्क जानकारी हमारी सभी सूचियों और न्यूज़लेटर से हटाना चाहते हैं या हमारी किसी सेवा को बंद करना चाहते हैं, तो कृपया भेजे जाने वाले ईमेल में सदस्यता छोड़ें बटन पर क्लिक करें।",hi,tos_privacy,10.0,9.09,Preserved
hi_tos_070,आप किसी भी समय आधार-आधारित ई-KYC प्रक्रिया के हिस्से के रूप में एकत्रित आपकी ई-KYC जानकारी संग्रहीत करने के लिए हमें दी गई सहमति को कैंसिल कर सकते हैं।,आप किसी भी समय ई-KYC प्रक्रिया के हिस्से के रूप में आपकी ई-KYC जानकारी संग्रहीत करने के लिए हमें दी गई सहमति को कैंसिल कर सकते हैं।,hi,tos_privacy,10.0,9.05,Preserved
hi_tos_071,"अगर आप Google से संपर्क करते हैं तो, आपको आ रही किसी भी समस्या के समाधान में सहायता के लिए हम आपके अनुरोध का रिकॉर्ड रखेंगे.","अगर आप Google से संपर्क करते हैं तो, हम आपके अनुरोध का रिकॉर्ड रखेंगे और आपको आ रही किसी भी समस्या के समाधान में सहायता प्रदान करेंगे.",hi,tos_privacy,8.0,9.12,Preserved
hi_tos_072,इस निजता नीति में शामिल नहीं किए गए उद्देश्य के लिए आपकी जानकारी का उपयोग करने से पहले हम आपकी सहमति मांगेंगे,इस निजता नीति के बाहर शामिल उद्देश्य के लिए आपकी जानकारी का उपयोग करने से पहले हम आपकी सहमति मांगेंगे।,hi,tos_privacy,10.0,9.12,Preserved
hi_tos_073,आपकी जानकारी इकट्ठा करने और उसके उपयोग के बारे में तय करने के लिए आपके पास विकल्प होते हैं.,आपके पास इकट्ठा करने और उपयोग करने के लिए विकल्प होते हैं.,hi,tos_privacy,8.0,9.11,Preserved
hi_tos_074,"जब आप साइन-इन होते हैं तो, आप उपयोग की जा रही सेवाओं पर जाकर कभी भी जानकारी की समीक्षा कर सकते हैं और उसे अपडेट कर सकते हैं.","जब आप साइन-इन होते हैं तो, कभी कभी जानकारी की समीक्षा और अपडेट कर सकते हैं.",hi,tos_privacy,7.0,9.11,Preserved
hi_tos_075,"इस तरह के निरसन पर, आप उन सेवाओं तक पहुंच खो सकते हैं जो दी गई सहमति के आधार पर ली गई थीं।","इस तरह के निरसन के बाद, आप दी गई सहमति के आधार पर ली गई सेवाओं का उपयोग नहीं कर सकते हैं।",hi,tos_privacy,7.0,9.11,Preserved
hi_tos_076,PhonePe को आपकी पहचान की पुष्टि करने और प्रमाणीकरण सुनिश्चित करने के लिए आपसे विशिष्ट जानकारी का अनुरोध करने की जरुरत हो सकती है।,PhonePe आपसे विशिष्ट जानकारी का अनुरोध कर सकता है जिससे आपकी पहचान की पुष्टि और प्रमाणीकरण की जा सके।,hi,tos_privacy,6.0,9.13,Preserved
hi_tos_077,"यदि आप अपना खाता या व्यक्तिगत जानकारी हटाना चाहते हैं, तो कृपया PhonePe प्लेटफॉर्म के ‘सहायता’ अनुभाग का उपयोग करें।","यदि आप अपना खाता या व्यक्तिगत जानकारी हटाना चाहते हैं, तो कृपया 'सहायता' अनुभाग का उपयोग करें।",hi,tos_privacy,9.0,9.12,Preserved
hi_tos_078,हम जानबूझकर न तो 18 साल से कम उम्र बच्चों की निजी जानकारी मांगते हैं और न ही उसे इकट्ठा करते हैं।,हम न तो 18 साल से कम उम्र के बच्चों की निजी जानकारी मांगते और न ही इकट्ठा करते।,hi,tos_privacy,9.0,9.12,Preserved
hi_tos_079,"हमारे प्लेटफ़ार्म का इस्तेमाल सिर्फ़ ऐसे व्यक्ति ही कर सकते हैं जो भारतीय अनुबंध अधिनियम, 1872 के तहत कानूनी तौर पर मान्य समझौता कर सकते हैं।","हमारे प्लेटफ़ार्म का इस्तेमाल केवल ऐसे व्यक्ति कर सकते हैं जो भारतीय अनुबंध अधिनियम, 1872 के तहत कानूनी तौर पर मान्य समझौता कर सकते हैं।",hi,tos_privacy,10.0,9.11,Preserved
hi_tos_080,"हमारे पास इस बात का अधिकार है कि हम अपने विवेक से इस गोपनीयता नीति में किसी भी समय, आपको पहले लिखित सूचना दिए बिना बदलाव या संशोधन कर सकते हैं, कुछ हिस्से इसमें जोड़ सकते हैं या हटा सकते हैं।","हम अपने विवेक से इस गोपनीयता नीति को किसी भी समय बदल सकते हैं, आपको पहले लिखित सूचना देने के बिना या कुछ हिस्से जोड़ या हटाने की अधिकार रखते हैं।",hi,tos_privacy,8.0,9.05,Preserved
hi_tos_081,"कोई बदलाव पोस्ट करने के बाद, अगर आप लगातार हमारी सेवाओं/प्लेटफ़ार्म का इस्तेमाल करते रहेंगे, तो इसका मतलब यह होगा कि आप बदलावों को स्वीकार करते हैं और उनसे सहमत हैं।","कोई बदलाव पोस्ट करने के बाद, अगर आप लगातार हमारी सेवाओं/प्लेफ़ार्म का इस्तेमाल करते रहें, तो यह अर्थ होगा कि आप बदलावों को स्वीकार करते हैं और उनसे सहमत हैं।",hi,tos_privacy,10.0,9.13,Preserved
hi_rental_001,यह अनुबंध \_\_\_\_\_\_ से \_\_\_\_\_\_ के लिए प्रभावी होगा।,यह अनुबंध \_\_\_\_\_\_ से \_\_\_\_\_\_ के लिए लागू होगा।,hi,rental,10.0,9.03,Preserved
hi_rental_002,मासिक किराया: रु. /- ( रुपये मात्र)।,मासिक किराएँ: रु. /-।,hi,rental,7.0,8.81,Preserved
hi_rental_003,किराया प्रत्येक माह की \_\_\_\_\_\_ तक देय होगा।,किराएँ प्रत्येक माह की \_\_\_\_\_\_ तक देय होंगी।,hi,rental,10.0,9.03,Preserved
hi_rental_004,यह राशि अनुबंध समाप्ति पर बिना ब्याज के वापस की जाएगी।,यह राशि अनुबंध समाप्ति पर बिना ब्याज के वापस आएगी।,hi,rental,10.0,9.12,Preserved
hi_rental_005,लॉक-इन अवधि: \_\_\_\_\_\_ (इस अवधि में रद्द नहीं होगा)।,लॉक-इन अवधि: \_\_\_\_\_\_ (रद्द नहीं होगा)।,hi,rental,9.0,9.02,Preserved
hi_rental_006,अनुबंध समाप्त करने के लिए \_\_\_\_\_\_ पूर्व लिखित सूचना देनी होगी।,अनुबंध समाप्त करने के लिए पूर्व लिखित सूचना देनी होगी।,hi,rental,10.0,9.09,Preserved
hi_rental_007,किरायेदार संपत्ति में अवैध कार्य नहीं करेगा।,किरायेदार अवैध कार्य न करेंगे।,hi,rental,8.0,9.02,Preserved
hi_rental_008,बिना अनुमति संरचनात्मक परिवर्तन नहीं होगा।,बिना अनुमति कोई संरचनात्मक परिवर्तन नहीं होगा।,hi,rental,10.0,9.09,Preserved
hi_rental_009,किरायेदार प्रवेश के समय संपत्ति की वर्तमान स्थिति स्वीकार करता है।,किरायेदार प्रवेश के समय संपत्ति की वर्तमान स्थिति स्वीकार करता है।,hi,rental,10.0,9.13,Preserved
hi_rental_010,"सामान्य टूट-फूट को छोड़कर, संपत्ति को उसी स्थिति में लौटाना होगा।","सामान्य टूट-फूट को छोड़कर, संपत्ति को उसी स्थिति में लौटाना होगा।",hi,rental,10.0,9.12,Preserved
hi_rental_011,"छोटी मरम्मत (₹2000 तक) किरायेदार द्वारा, बड़ी मरम्मत मकान मालिक द्वारा की जाएगी।","छोटी मरम्मत किरायेदार द्वारा, बड़ी मरम्मत मालिक द्वारा की जाएगी।",hi,rental,10.0,9.05,Preserved
hi_rental_012,अनुबंध समाप्ति और संपत्ति खाली करने के 30 दिनों के भीतर सुरक्षा जमा वापस की जाएगी।,अनुबंध समाप्ति और संपत्ति खाली करने के 30 दिनों के भीतर सुरक्षा जमा वापस की जाएगी।,hi,rental,10.0,9.13,Preserved
hi_rental_013,संपत्ति को हुई क्षति (सामान्य टूट-फूट को छोड़कर) और बकाया किराया/बिल की राशि काटी जा सकती है।,संपत्ति को हुई क्षति (सामान्य टूट-फूट को छोड़कर) और बकाया किराए/बिल की राशि काटी जा सकती है।,hi,rental,10.0,9.13,Preserved
hi_rental_014,किसी भी विवाद की स्थिति में दोनों पक्ष सबसे पहले आपसी बातचीत से समाधान का प्रयास करेंगे।,किसी भी विवाद की स्थिति में दोनों पक्ष सबसे पहले बातचीत से समाधान करेंगे।,hi,rental,10.0,9.14,Preserved
hi_rental_015,बातचीत से समाधान न होने पर \_\_\_\_\_\_ के सक्षम न्यायालय में कार्यवाही की जा सकती है।,बातचीत से समाधान न होने पर कार्यवाही की जा सकती है \_\_\_\_\_\_ के सक्षम न्यायालय में।,hi,rental,8.0,9.12,Preserved
hi_rental_016,यह अनुबंध उत्तर प्रदेश के किराया नियंत्रण अधिनियम और भारतीय अनुबंध अधिनियम के अधीन होगा।,यह अनुबंध उत्तर प्रदेश के किराया नियंत्रण अधिनियम और भारतीय अनुबंध अधिनियम के अधीन होगा।,hi,rental,10.0,9.11,Preserved
hi_rental_017,किराया 15 दिन से अधिक बकाया होने पर।,किराएँ 15 दिन से अधिक बचेंगी।,hi,rental,8.0,9.08,Preserved
hi_rental_018,संपत्ति का दुरुपयोग होने पर।,संपत्ति का अचानक उपयोग होने पर।,hi,rental,9.0,9.11,Preserved
hi_rental_019,शर्तों का उल्लंघन होने पर।,शर्तों का उल्लंघन होने पर।,hi,rental,10.0,9.1,Preserved
hi_rental_020,यह कि उपरोक्त मकान / दुकान में जो भी बिजली व पानी का उपयोग दूसरे पक्ष द्वारा किया जाएगा उसका भुगतान प्रतिमाह अलग से देय होगा।,यह कि उपरोक्त मकान / दुकान में जो भी बिजली व पानी का उपयोग दूसरे पक्ष द्वारा किया जाएगा उसका भुगतान प्रतिमाह अलग से देय होगा।,hi,rental,10.0,9.09,Preserved
hi_rental_021,"यह राशि, बिना ब्याज के किरायेदारी की समाप्ति पर वापस कर दी जायेगी।","यह राशि, बिना ब्याज के किरायेदारी की समाप्ति पर वापस की जायेगी।",hi,rental,10.0,9.14,Preserved
hi_rental_022,यह कि दूसरा पक्ष एक माह पूर्व लिखित या मौखिक सूचना देकर जब चाहे मकान / दुकान खाली कर सकता है एवं प्रथम पक्ष भी एक माह पूर्व लिखित या मौखिक सूचना देकर उक्त मकान / दुकान को खाली करवा सकता है।,यदि दूसरा पक्ष एक माह पूर्व लिखित या मौखिक सूचना देकर मकान/दुकान खाली कर सकता है और प्रथम पक्ष भी एक माह पूर्व लिखित या मौखिक सूचना देकर उक्त मकान/दुकान को खाली करवा सकता है।,hi,rental,10.0,8.96,Preserved
hi_rental_023,"यह कि दूसरा पक्ष उक्त मकान / दुकान का रख-रखाव ठीक प्रकार से करेगा, तथा बिना प्रथम पक्ष की अनुमति से कोई तोड़-फोड़ या नव निर्माण आदि नहीं करायेगा।",यह कि दूसरा पक्ष उक्त मकान / दुकान का रख-रखाव ठीक प्रकार से करेगा और बिना प्रथम पक्ष की अनुमति से कोई तोड़-फोड़ या नव निर्माण नहीं करेगा।,hi,rental,10.0,9.1,Preserved
hi_rental_024,यह कि दूसरा पक्ष उक्त किरायेदारी वाले हिस्से में कोई असामाजिक गतिविधियाँ उत्पन्न होने पर यह किरायेदारी अनुबंध समाप्त कर दिया जाएगा।,यदि दूसरा पक्ष किरायेदारी में सामाजिक गतिविधियाँ करता है तो अनुबंध समाप्त हो जाएगा।,hi,rental,7.0,9.05,Preserved
hi_rental_025,"यह कि दूसरा पक्ष उक्त मकान / दुकान पर किसी प्रकार का कोई अनैतिक एवं गैरकानूनी कार्य नहीं करेगा, अगर वह ऐसा करता है तो वह स्वयं जिम्मेदार होगा एवं मकान / दुकान को तुरन्त खाली करना होगा।","यदि दूसरा पक्ष किसी प्रकार का अनैतिक और गैरकानूनी कार्य करे, तो वह स्वयं जिम्मेदार होगा और तुरन्त खाली करना होगा।",hi,rental,8.0,9.05,Preserved
hi_rental_026,"यह कि उक्त मकान / दुकान में कोई शिकमी किरायेदार नहीं रखेगा तथा मकान / दुकान जिस स्थिति में किराये पर दिया गया है, उसे यथास्थिति में वापस देगा।",यह कि उक्त मकान / दुकान में कोई शिकमी किरायेदार नहीं रखेगा तथा किराये पर दिया गया मकान / दुकान यथास्थिति में वापस देगा।,hi,rental,9.0,9.06,Preserved
hi_rental_027,यह कि उपरोक्त शर्तें उभयपक्षों एवं उनके वारिसानों पर भी लागू होंगी।,यह कि उपरोक्त शर्तें उभयपक्षों और उनके वारिसों पर लागू हों।,hi,rental,10.0,9.06,Preserved
hi_rental_028,"यह कि यदि उभय-पक्ष उक्त किरायेदारी को आगे बढ़ाना चाहते हैं तो किरायेदारी की राशि में ................. प्रतिशत की बढ़ोत्तरी कर, दोनों पक्षों की आपसी सहमति से नई शर्तों के साथ नये अनुबंध पत्र द्वारा कर सकेंगे।","यदि दोनों पक्ष उक्त किरायेदारी को आगे बढ़ाना चाहते हैं, तो किरायेदारी की राशि में ................. प्रतिशत की बढ़ोत्तरी कर, दोनों पक्षों की आपसी सहमति से नई शर्तों के साथ नये अनुबंध पत्र द्वारा कर सकेंगे।",hi,rental,10.0,9.02,Preserved
hi_rental_029,"यह कि यह अनुबंध पत्र, दिनांक- ..................... से ...................तक निष्पादित किया जा रहा है।","यह कि यह अनुबंध पत्र, दिनांक - ..................... से ................... तक निष्पादित किया जायेगा।",hi,rental,10.0,9.11,Preserved
hi_rental_030,यदि उक्त किरायेदार / दूसरा पक्ष ............... माह तक किराया नहीं अदा करता है तो मकान / दुकान मालिक / प्रथम पक्ष को यह अधिकार होगा कि वह किरायेदारी समाप्त कर सके।,यदि किरायेदार / दूसरा पक्ष ............... माह तक किराया नहीं देता है तो मकान / दुकान मालिक / प्रथम पक्ष को किरायेदारी समाप्त करने का अधिकार होगा।,hi,rental,9.0,9.05,Preserved
hi_rental_031,यह कि दूसरा पक्ष उक्त किरायेदारी वाले भाग का निर्धारित किराया प्रत्येक माह की ............. से .............. तारीख तक बिना किसी हीला-हवाली के अदा करेगा।,यह कि दूसरा पक्ष उक्त किरायेदारी वाले भाग का निर्धारित किराया प्रत्येक माह की ...... से ...... तारीख तक बिना किसी हवाले के अदा करेगा।,hi,rental,10.0,9.1,Preserved
hi_rental_032,"यह कि दूसरे पक्ष ने प्रथम पक्ष को उपरोक्त किरायेदारी के बाबत ............... माह का अग्रिम किराया, रुपये ......................................./- (...) बतौर सिक्योरिटी मनी दे दिया है।",यह कि दूसरे पक्ष ने प्रथम पक्ष को उपरोक्त किरायेदारी के बाबत 36 माह का अग्रिम किराए रु 50000/- को सिक्योरिटी मनी के रूप में दे दिया है।,hi,rental,8.0,8.98,Preserved
hi_rental_033,"यह कि दूसरा पक्ष, प्रथम पक्ष को मकान / दुकान हेतु, किराये के रूप में प्रतिमाह रुपया ......................................... /- (................................) अदा करेगा।","यह कि दूसरा पक्ष, प्रथम पक्ष को मकान/दुकान हेतु किराये के रूप में प्रतिमाह रुपया ........................................./- (................................) अदा करेगा।",hi,rental,10.0,9.11,Preserved
hi_rental_034,"यह है कि उक्त अवधि के दौरान सरकारी लगान, पानी एवं बिजली का खर्च द्धितीय पक्ष स्वंय वहन करता रहेगा।","यह है कि उक्त अवधि के दौरान सरकारी लगान, पानी और बिजली का खर्च दहितीय पक्ष वहन करेगा।",hi,rental,10.0,9.12,Preserved
hi_rental_035,"यह है कि उक्त अवधि समाप्त होने पर द्धितीय पक्ष, प्रथम पक्ष को वापिस कर देगा।",यह है कि उक्त अवधि समाप्त होने पर द्धितीय पक्ष प्रथम पक्ष को वापिस कर देगा।,hi,rental,10.0,9.12,Preserved
hi_rental_036,"यह है कि उक्त अवधि के दौरान भुगतान की रसीद प्रथम पक्ष्, द्धितीय पक्ष को देगा।",यह है कि उक्त अवधि के दौरान भुगतान की रसीद पहले ओर दूसरे ओर देगा।,hi,rental,9.0,9.1,Preserved
hi_rental_037,यह है कि उक्त अवधि के दौरान प्रथम पक्ष व द्धितीय पक्ष के बीच कोई विवाद होता है तो पंच फैसला दोनो पक्षो को मान्य होगा।,यह है कि उक्त अवधि के दौरान पहले और दूसरे पक्ष के बीच कोई विवाद हो तो पंच फैसला दोनों पक्षों को मान्य होगा।,hi,rental,9.0,9.13,Preserved
hi_rental_038,यह है कि उपरोक्त म्यांद के बाद यदि किरायेदारी की म्यांद बढ़ाई जाती है तो प्रत्येक मास——– के बाद —– प्रतिशत की दर से किराये मे वृद्धि होगी तथा किरायेदारी की म्यांद केवल प्रथम पक्ष की सहमति द्वारा ही बढ़ाई जा सकेगी।,यदि किरायेदारी की म्यांद बढ़ाई जाती है तो प्रत्येक मास के बाद —– प्रतिशत की दर से किराये में वृद्धि होगी तथा किरायेदारी की म्यांद केवल प्रथम पक्ष की सहमति द्वारा ही बढ़ाई जा सकेगी।,hi,rental,10.0,8.99,Preserved
hi_rental_039,यह है कि द्धितीय पक्ष सम्बन्धित अचल सम्पति को केवल——— कार्य के लिए इस्तेमाल करेगा।,यह है कि द्धितीय पक्ष सम्बन्धित अचल सम्पत्ति का इस्तेमाल केवल——— कार्य के लिए करेगा।,hi,rental,9.0,9.13,Preserved
hi_rental_040,यह है कि द्धितीय पक्ष सम्बन्धित अचल सम्पति पर या इसकी किसी भी निर्माण मे किसी भी किस्म की कोई तोड़फोड़ या नया निर्माण नही करेगा तथा किसी अन्य व्यक्ति को किराये पर नही देगा।,यह है कि द्धितीय पक्ष किसी भी किस्म की तोड़फोड़ या नया निर्माण नहीं करेगा और किराये पर नहीं देगा।,hi,rental,7.0,9.02,Preserved
hi_rental_041,प्रथम पक्ष को हक होगा कि वह किसी भी समय निरीक्षण के लिए आ सकता है जिसका द्धितीय पक्ष को कोई आपत्ति नही होगी।,प्रथम पक्ष को हक होगा कि वह किसी भी समय निरीक्षण के लिए आ सकता है जिसका द्धितीय पक्ष को कोई आपत्ति नहीं होगी।,hi,rental,10.0,9.13,Preserved
hi_rental_042,द्धितीय पक्ष कोई ऐसा कार्य नही करेगा जो कि कानून की नजरों मे गलत होगा।,द्धितीय पक्ष कोई ऐसा कार्य नहीं करेगा जो कानून का खिलाफ हो।,hi,rental,9.0,9.12,Preserved
hi_rental_043,"यह है कि सम्बन्धित अचल सम्पति मे छोटी मुरम्मत जैसे कि बिजली की तारों मे परेशानी, पानी की लीकेज आदि द्धितीय पक्ष स्वंय करेगा।","संबंधित अचल संपत्ति में छोटी मुरम्मत जैसे बिजली की तारों में परेशानी, पानी की लीकेज आदि की धितीय पक्ष स्वयं करेंगे।",hi,rental,9.0,9.02,Preserved
hi_rental_044,यह है कि जब भी किसी पक्ष को उपरोक्त अचल सम्पति को खाली करना या कराना हो तो वह दूसरे पक्ष को दो महिने पहले नोटिस देगा।,यदि किसी पक्ष को उपरोक्त अचल सम्पत्ति को खाली करना हो तो वह दूसरे पक्ष को दो महिने पहले नोटिस देगा।,hi,rental,10.0,9.1,Preserved
hi_rental_045,यह है कि उपरोक्त किराया नामा के दोनो पक्ष व उनके वारसान आदि हमेशा पाबन्द रहेगे तथा इसकी शर्तो का पालन करेगें।,यह है कि उपरोक्त किराया नामा के दोनो पक्ष व उनके वारसान आदि हमेशा पाबन्द रहें तथा शर्तों का पालन करें।,hi,rental,10.0,9.09,Preserved
hi_rental_046,यह कि प्रथम पक्ष अनुसूची में दर्शाया गया मकान / प्लाट / फ्लैट / दुकान / फैक्टरी / औद्योगिक प्लाट का मालिक व काबिज है।,यह कि प्रथम पक्ष अनुसूची में दर्शाया गया मकान/प्लाट/फ्लैट/दुकान/फैक्टरी/उद्योग स्थान का मालिक और काबिज है।,hi,rental,10.0,9.01,Preserved
hi_rental_047,अचल संपति को किराये पर देने की बाबत किसी प्रकार की कोई रूकावट किसी विभाग या किसी न्यायालय की नहीं है।,अचल संपत्ति को किराये पर देने की कोई रूकावट नहीं है।,hi,rental,6.0,9.09,Preserved
hi_rental_048,उक्त अचल संपति पर प्रथम पक्ष का कब्जा दिनांक ————— से बतौर किरायेदार राशि ————— रुपये प्रति मास पर बतौर किराये के रूप में देनी स्वीकार की है।,उक्त अचल संपत्ति पर प्रथम पक्ष का कब्जा ————— दिनांक से बतौर किरायेदार राशि ————— रुपये प्रति मास पर बतौर किराये के रूप में देनी स्वीकार की है।,hi,rental,10.0,9.12,Preserved
hi_rental_049,जिसका किरायानामा निष्पादित करना प्रथम पक्ष व द्वितीय पक्ष उचित समझते हैं।,पहला और दूसरा पक्ष इसका किरायानामा निष्पादित करने पर उचित समझते हैं।,hi,rental,8.0,9.1,Preserved
hi_rental_050,इसलिए अब प्रथम पक्ष व द्वितीय पक्ष उक्त किरायानामा दिनांक ————— तक के लिये निष्पादित करते हैं।,इसलिए अब प्रथम पक्ष और द्वितीय पक्ष किराया तक दिनांक ————— तक देते हैं।,hi,rental,8.0,9.12,Preserved
hi_rental_051,प्रथम पक्ष ने अपनी उक्त राशि ————— रुपये प्रति मास किराये पर द्वितीय पक्ष को निम्नलिखित शर्तों पर दी है।,प्रथम पक्ष ने द्वितीय पक्ष को रुपये ————— प्रति मास किराये पर निम्नलिखित शर्तों पर दी है।,hi,rental,8.0,9.13,Preserved
hi_rental_052,मौके पर कब्जा द्वितीय पक्ष का दिनांक ————— से दे दिया है।,मौके पर कब्जा द्वितीय पक्ष को से दे दिया है।,hi,rental,9.0,9.15,Preserved
hi_rental_053,यह किरायानामा दिनांक ————— तक की अवधि तक वैध रहेगा।,यह किरायानामा दिनांक ————— तक की अवधि तक लागू रहेगा।,hi,rental,10.0,9.12,Preserved
hi_rental_054,द्वितीय पक्ष किराये के रूप में प्रथम पक्ष को ————— रुपये प्रति मास के हिसाब से हर मास की ————— तिथि तक अग्रिम रूप में प्रथम पक्ष को नगद प्रदान कर देगा।,द्वितीय पक्ष किराये के रूप में प्रथम पक्ष को प्रति मास ————— रुपये के हिसाब से हर मास की ————— तिथि तक नगद प्रदान कर देगा।,hi,rental,9.0,9.13,Preserved
hi_rental_055,"उक्त अवधि के दौरान सरकारी लगान, पानी एवं बिजली का खर्च द्वितीय पक्ष स्वयं वहन करता रहेगा।","उक्त अवधि के दौरान सरकारी लगान, पानी और बिजली का खर्च द्वितीय पक्ष वहन करेंगे।",hi,rental,10.0,9.13,Preserved
hi_rental_056,उक्त अवधि के दौरान भुगतान की रसीद प्रथम पक्ष द्वितीय पक्ष को देगा।,उक्त अवधि के दौरान भुगतान की रसीद पहला पक्ष दूसरे पक्ष को देगा।,hi,rental,9.0,9.12,Preserved
hi_rental_057,संबंधित अचल संपत्ति को किसी अन्य व्यक्ति को किराये पर नहीं दिया जाएगा।,संबंधित अचल संपत्ति को किसी अन्य व्यक्ति को किराये पर नहीं दिया जाएगा।,hi,rental,10.0,9.12,Preserved
hi_rental_058,द्वितीय पक्ष संबंधित अचल संपत्ति को केवल ————— कार्य के लिए इस्तेमाल करेगा।,द्वितीय पक्ष संबंधित अचल संपत्ति केवल कार्य के लिए इस्तेमाल करेगा।,hi,rental,10.0,9.12,Preserved
hi_rental_059,द्वितीय पक्ष कोई ऐसा कार्य नहीं करेगा जो कानून की नजरों में गलत होगा।,द्वितीय पक्ष कोई गलत कार्य नहीं करेगा।,hi,rental,7.0,9.11,Preserved
hi_rental_060,"संबंधित अचल संपत्ति में छोटी मरम्मत जैसे कि बिजली की तारों में परेशानी, पानी की लीकेज आदि द्वितीय पक्ष स्वयं करेगा।","संबंधित अचल संपत्ति में छोटी मरम्मत जैसे कि बिजली की तारों में परेशानी, पानी की लीकेज आदि करेगा।",hi,rental,9.0,9.09,Preserved
hi_rental_061,जब भी किसी पक्ष को उपरोक्त अचल संपत्ति को खाली करना या कराना हो तो वह दूसरे पक्ष को दो महीने पहले नोटिस देगा।,"जब किसी पक्ष को उपरोक्त अचल संपत्ति को खाली करना या कराना हो, तो वह दूसरे पक्ष को दो महीने पहले नोटिस देगा।",hi,rental,10.0,9.13,Preserved
hi_rental_062,उपरोक्त किरायानामा के दोनों पक्ष और उनके वारिस आदि इसकी शर्तों का पालन करेंगे।,उपरोक्त किरायानामा के दोनों पक्ष और उनके वारिस इसकी शर्तों का पालन करेंगे।,hi,rental,10.0,9.12,Preserved
hi_rental_063,किरायेदारी की म्यांद केवल प्रथम पक्ष की सहमति द्वारा ही बढ़ाई जा सकेगी।,किरायेदारी की म्यांद केवल प्रथम पक्ष की सहमति द्वारा बढ़ाई जा सकेगी।,hi,rental,10.0,9.13,Preserved
hi_rental_064,किराये में वृद्धि प्रत्येक मास ————— के बाद ————— प्रतिशत की दर से होगी।,किराये में वृद्धि प्रत्येक मास पर ———-% की दर से होगी।,hi,rental,9.0,9.13,Preserved
hi_rental_065,प्रथम पक्ष को संबंधित अचल संपत्ति का निरीक्षण करने का अधिकार होगा।,प्रथम पक्ष को अचल संपत्ति की निरीक्षण करने का अधिकार होगा।,hi,rental,10.0,9.12,Preserved
hi_rental_066,द्वितीय पक्ष संबंधित अचल संपत्ति पर कोई तोड़फोड़ या नया निर्माण नहीं करेगा।,द्वितीय पक्ष संबंधित अचल संपत्ति पर तोड़फोड़ या नया निर्माण नहीं करेगा।,hi,rental,10.0,9.12,Preserved
hi_rental_067,द्वितीय पक्ष संबंधित अचल संपत्ति को उसकी निर्धारित स्थिति और उपयोग के अनुरूप रखेगा।,द्वितीय पक्ष संबंधित अचल संपत्ति को उसकी निर्धारित स्थिति और उपयोग के अनुसार रखेगा।,hi,rental,10.0,9.14,Preserved
hi_rental_068,द्वितीय पक्ष किसी अन्य व्यक्ति को संबंधित अचल संपत्ति किराये पर नहीं देगा।,द्वितीय पक्ष किसी अन्य व्यक्ति को अचल संपत्ति किराये पर नहीं देगा।,hi,rental,10.0,9.12,Preserved
hi_rental_069,संबंधित अचल संपत्ति के खाली करने के समय बकाया किराया और अन्य देनदारियां सुरक्षा राशि से काटी जा सकती हैं।,संबंधित अचल संपत्ति के खाली करने के समय बकाया किराया और अन्य देनदारियां सुरक्षा राशि से कटी जा सकती हैं।,hi,rental,10.0,9.14,Preserved
hi_rental_070,सुरक्षा राशि बिना किसी ब्याज के संबंधित अचल संपत्ति खाली करने के समय वापस की जाएगी।,सुरक्षा राशि बिना किसी ब्याज के खाली लगाए गए अचल संपत्ति को वापस करने के समय आवश्यक होगी।,hi,rental,8.0,9.12,Preserved
hi_rental_071,किरायानामा की शर्तों का पालन दोनों पक्षों और उनके वारिसों के लिए बाध्यकारी रहेगा।,किरायानामा की शर्तों को दोनों पक्षों और उनके वारिसों को बाध्य किया जाएगा।,hi,rental,9.0,9.12,Preserved
